id;k1;b1;D1;p-value linear 1;R_score1;AIC_linear1;kef x^2 (1);kef x (1);kef 1 (1);p-value quadr 1;R_score quadr 1;AIC_quadr1
0001;-1.949;14.510;1.949;0.000;0.998;-54.658;-0.002;-1.933;14.485;0.000;0.998;-52.700
0002;-1.930;14.758;1.930;0.000;0.998;-59.673;0.015;-2.035;14.918;0.000;0.999;-59.778
0008;-1.996;15.987;1.996;0.000;0.998;-57.453;0.022;-2.146;16.215;0.000;0.999;-59.554
0009;-2.028;15.674;2.028;0.000;0.995;-21.161;0.014;-2.128;15.825;0.000;0.995;-19.691
0010;-1.820;13.825;1.820;0.000;0.999;-69.666;0.007;-1.867;13.896;0.000;0.999;-68.235
0013;-1.983;13.971;1.983;0.000;0.996;-26.173;-0.003;-1.961;13.938;0.000;0.996;-24.203
0014;-1.701;12.858;1.701;0.000;1.000;-118.164;-0.008;-1.646;12.776;0.000;1.000;-119.982
0015;-1.864;14.185;1.864;0.000;0.997;-45.609;0.032;-2.084;14.519;0.000;0.998;-49.848
0016;-2.027;16.021;2.027;0.000;0.989;4.175;0.043;-2.324;16.472;0.000;0.990;4.037
0017;-1.906;14.138;1.906;0.000;0.999;-63.279;0.025;-2.081;14.404;0.000;0.999;-68.377
0018;-1.991;15.843;1.991;0.000;0.999;-86.224;-0.007;-1.944;15.772;0.000;0.999;-85.191
0019;-1.998;15.288;1.998;0.000;0.996;-30.934;0.002;-2.012;15.309;0.000;0.996;-28.948
0020;-1.991;14.646;1.991;0.000;0.998;-58.329;0.014;-2.090;14.796;0.000;0.999;-58.084
0022;-2.014;14.672;2.014;0.000;0.988;5.925;0.009;-2.076;14.766;0.000;0.988;7.840
0024;-1.934;14.654;1.934;0.000;0.998;-50.634;-0.007;-1.883;14.577;0.000;0.998;-48.985
0026;-1.980;14.819;1.980;0.000;0.996;-27.742;0.011;-2.055;14.932;0.000;0.996;-26.110
0027;-1.896;13.075;1.896;0.000;0.996;-31.553;-0.014;-1.802;12.933;0.000;0.996;-30.214
0028;-1.974;14.401;1.974;0.000;0.998;-52.118;-0.033;-1.747;14.055;0.000;0.999;-58.650
0029;-1.851;13.044;1.851;0.000;0.999;-80.350;-0.021;-1.706;12.823;0.000;0.999;-87.089
0030;-1.920;12.944;1.920;0.000;0.995;-25.810;-0.075;-1.403;12.156;0.000;0.998;-47.530
0032;-1.939;14.029;1.939;0.000;0.999;-64.306;-0.003;-1.917;13.995;0.000;0.999;-62.410
0033;-1.953;15.245;1.953;0.000;0.999;-64.856;0.004;-1.983;15.291;0.000;0.999;-63.050
0035;-1.894;12.818;1.894;0.000;0.997;-37.517;-0.001;-1.890;12.812;0.000;0.997;-35.518
0036;-1.876;13.521;1.876;0.000;0.997;-39.841;0.059;-2.282;14.139;0.000;0.998;-60.457
0037;-1.921;13.683;1.921;0.000;0.993;-14.068;-0.066;-1.465;12.989;0.000;0.995;-22.405
0038;-1.812;11.112;1.812;0.000;0.998;-54.749;-0.056;-1.423;10.519;0.000;1.000;-98.100
0039;-1.994;14.791;1.994;0.000;0.998;-51.781;0.013;-2.082;14.924;0.000;0.998;-50.902
0041;-1.869;13.915;1.869;0.000;0.998;-56.837;0.039;-2.137;14.323;0.000;0.999;-70.136
0042;-1.938;14.087;1.938;0.000;0.998;-50.463;0.008;-1.996;14.176;0.000;0.998;-48.934
0043;-2.010;14.900;2.010;0.000;0.996;-25.901;0.027;-2.194;15.180;0.000;0.996;-26.077
0044;-1.974;13.582;1.974;0.000;0.998;-56.407;0.002;-1.989;13.605;0.000;0.998;-54.443
0045;-1.923;12.189;1.923;0.000;0.998;-51.352;0.021;-2.068;12.410;0.000;0.998;-52.468
0046;-1.937;14.090;1.937;0.000;1.000;-101.481;-0.010;-1.865;13.980;0.000;1.000;-103.399
0047;-1.905;12.853;1.905;0.000;0.996;-28.413;-0.072;-1.407;12.095;0.000;0.998;-50.382
0048;-1.971;14.804;1.971;0.000;0.997;-37.392;-0.010;-1.900;14.697;0.000;0.997;-35.845
0050;-1.928;13.850;1.928;0.000;0.999;-91.344;-0.005;-1.891;13.794;0.000;0.999;-90.032
0052;-1.798;12.896;1.798;0.000;0.997;-41.186;-0.075;-1.279;12.105;0.000;1.000;-106.472
0055;-1.968;12.883;1.968;0.000;0.998;-58.976;-0.008;-1.914;12.801;0.000;0.998;-57.505
0056;-1.965;14.898;1.965;0.000;0.999;-67.291;-0.012;-1.884;14.775;0.000;0.999;-66.879
0058;-1.986;15.327;1.986;0.000;0.998;-49.453;0.005;-2.021;15.381;0.000;0.998;-47.623
0059;-1.933;14.264;1.933;0.000;0.998;-59.036;-0.003;-1.912;14.232;0.000;0.998;-57.118
0060;-1.971;14.008;1.971;0.000;0.998;-49.131;-0.001;-1.963;13.995;0.000;0.998;-47.141
0061;-1.754;11.655;1.754;0.000;0.996;-33.844;-0.004;-1.730;11.618;0.000;0.996;-31.892
0062;-1.943;15.346;1.943;0.000;0.999;-66.805;0.027;-2.130;15.631;0.000;0.999;-74.237
0063;-1.968;14.611;1.968;0.000;0.998;-54.717;-0.029;-1.768;14.307;0.000;0.999;-59.732
0064;-1.791;14.151;1.791;0.000;0.995;-26.101;0.065;-2.244;14.842;0.000;0.997;-40.680
0065;-1.978;14.677;1.978;0.000;0.998;-52.970;0.022;-2.128;14.905;0.000;0.998;-54.510
0067;-2.047;16.106;2.047;0.000;0.986;12.678;0.017;-2.165;16.285;0.000;0.986;14.429
0068;-1.912;13.697;1.912;0.000;0.994;-20.433;0.035;-2.152;14.063;0.000;0.995;-21.588
0070;-1.937;14.398;1.937;0.000;0.998;-59.896;0.030;-2.147;14.718;0.000;0.999;-67.402
0071;-1.775;12.077;1.775;0.000;0.998;-56.495;-0.044;-1.471;11.613;0.000;0.999;-75.874
0072;-1.967;14.173;1.967;0.000;0.997;-37.991;0.026;-2.146;14.445;0.000;0.997;-39.075
0075;-1.954;15.130;1.954;0.000;0.999;-69.236;-0.010;-1.884;15.023;0.000;0.999;-68.510
0076;-1.821;12.886;1.821;0.000;0.998;-52.447;0.003;-1.839;12.914;0.000;0.998;-50.495
0078;-1.931;13.385;1.931;0.000;0.999;-64.229;-0.014;-1.834;13.236;0.000;0.999;-64.324
0079;-1.972;15.694;1.972;0.000;0.997;-43.697;0.005;-2.004;15.743;0.000;0.997;-41.811
0080;-1.910;13.651;1.910;0.000;0.999;-80.473;0.003;-1.929;13.678;0.000;0.999;-78.591
0081;-1.950;14.742;1.950;0.000;0.996;-27.041;0.001;-1.958;14.754;0.000;0.996;-25.045
0082;-1.686;12.131;1.686;0.000;0.993;-22.116;-0.068;-1.214;11.412;0.000;0.996;-35.739
0083;-1.902;12.477;1.902;0.000;0.996;-33.108;-0.068;-1.434;11.764;0.000;0.998;-56.081
0084;-1.939;13.847;1.939;0.000;0.999;-70.483;-0.026;-1.755;13.568;0.000;0.999;-78.802
0085;-1.940;15.276;1.940;0.000;0.999;-63.850;-0.005;-1.904;15.221;0.000;0.999;-62.129
0086;-1.943;14.476;1.943;0.000;0.996;-27.943;0.009;-2.009;14.575;0.000;0.996;-26.228
0087;-1.916;13.415;1.916;0.000;0.999;-62.524;0.003;-1.935;13.443;0.000;0.999;-60.592
0088;-1.835;13.535;1.835;0.000;0.998;-58.256;0.023;-1.995;13.778;0.000;0.998;-61.107
0089;-1.972;14.784;1.972;0.000;0.993;-12.284;-0.003;-1.949;14.749;0.000;0.993;-10.305
0090;-1.991;15.560;1.991;0.000;0.999;-70.172;-0.018;-1.868;15.372;0.000;0.999;-72.368
0091;-1.862;12.105;1.862;0.000;0.993;-14.694;-0.034;-1.624;11.742;0.000;0.993;-15.247
0093;-2.013;15.681;2.013;0.000;0.999;-69.458;0.018;-2.135;15.866;0.000;0.999;-71.444
0094;-1.979;14.262;1.979;0.000;0.999;-80.840;0.030;-2.187;14.580;0.000;1.000;-101.123
0095;-1.992;15.320;1.992;0.000;0.999;-65.263;0.025;-2.168;15.589;0.000;0.999;-71.061
0096;-1.897;13.457;1.897;0.000;0.994;-19.551;0.054;-2.272;14.028;0.000;0.995;-25.622
0097;-1.965;14.229;1.965;0.000;0.999;-71.268;-0.003;-1.943;14.195;0.000;0.999;-69.404
0099;-1.984;14.786;1.984;0.000;0.995;-23.973;0.034;-2.217;15.140;0.000;0.996;-25.303
0100;-1.928;15.031;1.928;0.000;0.998;-59.205;-0.020;-1.790;14.820;0.000;0.999;-60.877
0101;-1.814;12.570;1.814;0.000;0.999;-78.679;-0.002;-1.801;12.549;0.000;0.999;-76.741
0103;-1.985;15.522;1.985;0.000;0.999;-75.760;0.013;-2.072;15.654;0.000;0.999;-76.181
0104;-1.948;13.902;1.948;0.000;0.999;-81.227;0.000;-1.949;13.903;0.000;0.999;-79.227
0105;-2.042;15.218;2.042;0.000;0.989;5.058;0.041;-2.329;15.655;0.000;0.989;5.117
0106;-1.964;13.651;1.964;0.000;0.999;-68.865;0.012;-2.046;13.776;0.000;0.999;-68.583
0107;-1.947;14.375;1.947;0.000;0.999;-82.171;-0.004;-1.921;14.336;0.000;0.999;-80.431
0108;-1.795;12.612;1.795;0.000;0.988;-2.001;-0.142;-0.812;11.115;0.000;0.999;-69.998
0109;-1.830;14.782;1.830;0.000;0.999;-74.486;0.020;-1.969;14.993;0.000;0.999;-78.822
0111;-1.778;11.531;1.778;0.000;0.999;-70.552;-0.026;-1.598;11.257;0.000;0.999;-78.478
0112;-1.959;14.560;1.959;0.000;0.999;-88.588;-0.007;-1.912;14.488;0.000;0.999;-87.638
0113;-1.959;14.636;1.959;0.000;0.996;-27.311;-0.007;-1.908;14.559;0.000;0.996;-25.477
0114;-1.944;14.500;1.944;0.000;0.998;-46.902;0.019;-2.073;14.697;0.000;0.998;-47.010
0115;-1.952;14.618;1.952;0.000;0.998;-58.167;-0.050;-1.604;14.088;0.000;0.999;-92.207
0116;-1.972;14.481;1.972;0.000;0.999;-69.374;0.014;-2.067;14.626;0.000;0.999;-69.750
0117;-1.973;14.333;1.973;0.000;0.998;-47.011;0.026;-2.156;14.611;0.000;0.998;-49.397
0118;-1.977;15.637;1.977;0.000;0.993;-13.143;0.017;-2.094;15.815;0.000;0.993;-11.709
0119;-1.934;13.330;1.934;0.000;0.994;-17.106;0.047;-2.262;13.830;0.000;0.995;-20.589
0120;-1.989;14.709;1.989;0.000;0.990;0.967;0.049;-2.332;15.231;0.000;0.991;-0.261
0122;-1.969;14.835;1.969;0.000;0.997;-43.857;0.010;-2.038;14.940;0.000;0.998;-42.391
0123;-1.812;12.620;1.812;0.000;0.998;-53.760;-0.044;-1.505;12.152;0.000;0.999;-71.060
0124;-1.941;14.839;1.941;0.000;0.999;-80.383;-0.022;-1.789;14.608;0.000;0.999;-87.986
0125;-1.997;13.828;1.997;0.000;0.984;14.207;0.044;-2.301;14.292;0.000;0.985;14.586
0126;-1.991;14.683;1.991;0.000;0.988;4.072;-0.056;-1.601;14.090;0.000;0.990;2.271
0127;-1.943;13.746;1.943;0.000;0.999;-66.775;0.003;-1.961;13.774;0.000;0.999;-64.852
0128;-1.917;14.378;1.917;0.000;0.990;-3.883;0.026;-2.095;14.650;0.000;0.991;-2.873
0129;-1.962;15.241;1.962;0.000;0.998;-56.342;-0.002;-1.946;15.216;0.000;0.998;-54.388
0131;-1.993;15.157;1.993;0.000;0.995;-22.544;0.019;-2.124;15.357;0.000;0.995;-21.516
0132;-2.011;13.780;2.011;0.000;0.996;-30.662;0.031;-2.226;14.108;0.000;0.997;-32.201
0133;-1.881;14.459;1.881;0.000;0.997;-42.400;0.042;-2.171;14.900;0.000;0.998;-50.865
0134;-1.983;14.649;1.983;0.000;0.999;-66.232;-0.024;-1.816;14.395;0.000;0.999;-71.355
0135;-1.949;14.893;1.949;0.000;0.998;-53.081;-0.025;-1.777;14.631;0.000;0.998;-55.829
0136;-1.957;13.407;1.957;0.000;0.998;-46.600;0.031;-2.169;13.731;0.000;0.998;-50.629
0137;-1.743;11.427;1.743;0.000;0.995;-28.457;-0.086;-1.146;10.518;0.000;0.999;-72.657
0138;-1.931;13.202;1.931;0.000;0.998;-59.229;0.013;-2.020;13.338;0.000;0.998;-58.729
0140;-1.891;13.982;1.891;0.000;0.999;-67.028;-0.031;-1.678;13.658;0.000;0.999;-77.950
0141;-1.926;14.250;1.926;0.000;1.000;-102.863;-0.003;-1.908;14.222;0.000;1.000;-101.117
0142;-1.924;13.811;1.924;0.000;0.997;-37.511;0.032;-2.143;14.145;0.000;0.997;-40.197
0144;-1.914;13.855;1.914;0.000;0.996;-28.489;0.001;-1.923;13.868;0.000;0.996;-26.495
0145;-1.913;14.038;1.913;0.000;0.999;-68.480;0.016;-2.023;14.205;0.000;0.999;-69.583
0146;-1.817;13.121;1.817;0.000;0.992;-11.971;-0.117;-1.007;11.888;0.000;0.999;-66.272
0147;-1.950;14.575;1.950;0.000;0.999;-75.248;0.001;-1.953;14.581;0.000;0.999;-73.252
0148;-1.939;14.608;1.939;0.000;0.998;-59.980;0.005;-1.975;14.663;0.000;0.998;-58.223
0149;-1.913;14.003;1.913;0.000;0.998;-58.854;-0.000;-1.912;14.002;0.000;0.998;-56.854
0150;-1.985;14.698;1.985;0.000;0.999;-61.301;0.009;-2.051;14.797;0.000;0.999;-60.146
0151;-1.905;12.430;1.905;0.000;0.996;-28.053;-0.069;-1.428;11.702;0.000;0.998;-46.891
0152;-1.897;13.693;1.897;0.000;0.999;-70.315;0.007;-1.944;13.764;0.000;0.999;-68.884
0153;-1.891;12.995;1.891;0.000;1.000;-100.535;-0.016;-1.780;12.825;0.000;1.000;-108.572
0154;-1.971;14.612;1.971;0.000;1.000;-96.347;-0.022;-1.820;14.383;0.000;1.000;-112.396
0155;-1.886;13.866;1.886;0.000;0.999;-68.152;0.026;-2.066;14.140;0.000;0.999;-75.265
0156;-1.881;13.262;1.881;0.000;0.998;-48.909;-0.015;-1.775;13.100;0.000;0.998;-48.417
0157;-2.020;15.653;2.020;0.000;0.998;-56.204;0.011;-2.099;15.774;0.000;0.998;-55.263
0158;-1.910;14.276;1.910;0.000;0.999;-62.755;-0.028;-1.713;13.976;0.000;0.999;-69.876
0159;-1.909;14.834;1.909;0.000;0.999;-70.706;-0.018;-1.784;14.644;0.000;0.999;-73.096
0160;-1.979;14.746;1.979;0.000;0.999;-65.443;0.005;-2.013;14.798;0.000;0.999;-63.700
0161;-1.984;14.782;1.984;0.000;0.993;-10.033;-0.002;-1.973;14.765;0.000;0.993;-8.037
0162;-1.876;14.001;1.876;0.000;0.998;-51.194;-0.001;-1.872;13.996;0.000;0.998;-49.196
0163;-1.850;13.094;1.850;0.000;0.999;-85.919;0.014;-1.950;13.245;0.000;0.999;-88.488
0164;-1.892;13.660;1.892;0.000;0.999;-82.848;0.007;-1.937;13.729;0.000;0.999;-81.654
0165;-1.937;14.296;1.937;0.000;0.997;-41.958;0.002;-1.948;14.313;0.000;0.997;-39.971
0166;-2.019;16.018;2.019;0.000;0.991;-1.108;0.053;-2.384;16.575;0.000;0.992;-3.086
0168;-1.955;13.616;1.955;0.000;0.999;-77.578;-0.025;-1.782;13.352;0.000;0.999;-87.437
0169;-1.936;14.435;1.936;0.000;0.987;5.096;-0.093;-1.292;13.454;0.000;0.991;-4.205
0170;-1.982;14.155;1.982;0.000;0.999;-67.987;0.003;-2.001;14.185;0.000;0.999;-66.079
0171;-1.799;12.735;1.799;0.000;0.998;-63.233;-0.008;-1.744;12.650;0.000;0.998;-61.881
0173;-1.928;13.000;1.928;0.000;0.984;11.508;-0.021;-1.784;12.780;0.000;0.985;13.121
0174;-1.826;11.107;1.826;0.000;0.998;-53.548;-0.018;-1.703;10.920;0.000;0.998;-53.921
0175;-2.017;15.674;2.017;0.000;0.977;26.891;0.050;-2.360;16.197;0.000;0.978;27.530
0176;-1.858;12.805;1.858;0.000;0.999;-69.728;-0.035;-1.618;12.439;0.000;0.999;-87.760
0177;-1.877;14.340;1.877;0.000;0.998;-59.063;0.039;-2.145;14.749;0.000;0.999;-74.062
0178;-1.956;14.112;1.956;0.000;0.996;-28.508;0.010;-2.024;14.215;0.000;0.996;-26.819
0180;-1.916;14.198;1.916;0.000;0.999;-75.970;-0.001;-1.909;14.189;0.000;0.999;-73.983
0181;-1.928;13.736;1.928;0.000;0.995;-21.806;0.015;-2.030;13.891;0.000;0.995;-20.376
0182;-1.939;13.037;1.939;0.000;0.994;-20.649;-0.015;-1.836;12.880;0.000;0.995;-19.214
0183;-1.985;15.517;1.985;0.000;0.999;-67.349;0.021;-2.130;15.738;0.000;0.999;-70.794
0184;-1.929;14.320;1.929;0.000;0.998;-48.528;-0.058;-1.524;13.705;0.000;0.999;-81.737
0187;-1.823;14.249;1.823;0.000;1.000;-131.855;0.009;-1.889;14.349;0.000;1.000;-139.386
0188;-1.960;13.852;1.960;0.000;0.997;-41.299;-0.043;-1.659;13.393;0.000;0.998;-50.284
0189;-1.919;13.706;1.919;0.000;0.999;-80.170;0.004;-1.949;13.751;0.000;0.999;-78.489
0190;-1.992;15.342;1.992;0.000;0.999;-63.095;-0.010;-1.921;15.233;0.000;0.999;-62.164
0191;-1.872;13.933;1.872;0.000;0.999;-66.251;-0.002;-1.860;13.916;0.000;0.999;-64.281
0192;-1.838;14.208;1.838;0.000;1.000;-127.305;0.003;-1.862;14.244;0.000;1.000;-126.228
0193;-1.886;15.043;1.886;0.000;0.999;-78.103;-0.010;-1.815;14.935;0.000;0.999;-77.836
0195;-1.725;13.711;1.725;0.000;0.997;-42.821;0.050;-2.071;14.238;0.000;0.998;-57.371
0196;-1.983;14.931;1.983;0.000;0.994;-18.994;0.018;-2.109;15.123;0.000;0.995;-17.794
0197;-1.917;14.805;1.917;0.000;0.999;-71.762;0.020;-2.056;15.016;0.000;0.999;-75.526
0198;-1.913;13.541;1.913;0.000;0.998;-49.090;0.041;-2.195;13.970;0.000;0.998;-59.787
0199;-1.961;16.046;1.961;0.000;0.997;-36.294;0.006;-2.003;16.109;0.000;0.997;-34.446
0200;-1.903;14.307;1.903;0.000;0.996;-33.984;0.057;-2.297;14.906;0.000;0.998;-47.915
0201;-1.902;14.008;1.902;0.000;0.997;-40.410;0.023;-2.064;14.255;0.000;0.997;-41.124
0202;-1.978;14.157;1.978;0.000;0.996;-29.154;0.016;-2.092;14.331;0.000;0.996;-28.062
0203;-1.931;14.247;1.931;0.000;0.992;-8.156;-0.029;-1.734;13.946;0.000;0.992;-7.556
0204;-2.004;15.091;2.004;0.000;0.995;-21.432;-0.000;-2.003;15.090;0.000;0.995;-19.432
0205;-1.953;14.621;1.953;0.000;0.999;-68.439;0.027;-2.141;14.909;0.000;0.999;-76.650
0206;-1.931;14.169;1.931;0.000;0.993;-14.489;0.035;-2.175;14.540;0.000;0.994;-15.149
0207;-2.041;16.375;2.041;0.000;0.982;19.573;0.050;-2.387;16.902;0.000;0.983;19.810
0208;-1.974;13.802;1.974;0.000;0.986;10.202;0.006;-2.013;13.862;0.000;0.986;12.173
0209;-1.910;13.808;1.910;0.000;0.999;-66.188;-0.013;-1.823;13.675;0.000;0.999;-65.975
0210;-1.843;12.872;1.843;0.000;0.995;-24.561;-0.083;-1.270;12.000;0.000;0.998;-53.275
0211;-1.905;14.016;1.905;0.000;0.998;-57.145;-0.023;-1.747;13.776;0.000;0.998;-59.686
0212;-1.913;15.210;1.913;0.000;1.000;-106.480;-0.011;-1.834;15.090;0.000;1.000;-110.217
0213;-1.943;13.494;1.943;0.000;0.995;-22.524;0.042;-2.234;13.938;0.000;0.996;-25.644
0215;-1.952;14.019;1.952;0.000;0.999;-74.525;0.008;-2.010;14.108;0.000;0.999;-73.551
0216;-1.912;14.254;1.912;0.000;0.999;-80.048;0.025;-2.089;14.523;0.000;0.999;-91.807
0217;-1.944;15.132;1.944;0.000;0.997;-39.114;-0.002;-1.930;15.109;0.000;0.997;-37.135
0218;-1.945;14.498;1.945;0.000;0.999;-85.045;-0.027;-1.759;14.216;0.000;1.000;-102.372
0220;-1.746;12.300;1.746;0.000;0.999;-78.126;0.031;-1.958;12.623;0.000;0.999;-96.755
0221;-1.967;14.670;1.967;0.000;0.998;-46.308;0.022;-2.117;14.898;0.000;0.998;-47.120
0222;-1.957;13.721;1.957;0.000;0.997;-34.700;-0.003;-1.938;13.692;0.000;0.997;-32.730
0223;-1.905;14.457;1.905;0.000;0.998;-51.747;0.020;-2.046;14.672;0.000;0.998;-52.736
0224;-1.975;15.772;1.975;0.000;0.999;-60.105;-0.004;-1.945;15.725;0.000;0.999;-58.280
0225;-1.877;13.617;1.877;0.000;0.998;-48.340;-0.029;-1.675;13.311;0.000;0.998;-52.024
0227;-1.866;12.745;1.866;0.000;1.000;-105.173;0.008;-1.920;12.826;0.000;1.000;-105.544
0228;-1.863;12.763;1.863;0.000;0.999;-90.002;-0.020;-1.725;12.553;0.000;1.000;-99.114
0230;-1.957;13.914;1.957;0.000;0.999;-64.899;-0.003;-1.937;13.883;0.000;0.999;-62.988
0231;-1.844;13.465;1.844;0.000;1.000;-98.308;-0.002;-1.831;13.444;0.000;1.000;-96.426
0233;-1.953;14.050;1.953;0.000;0.997;-34.706;0.010;-2.023;14.156;0.000;0.997;-33.110
0234;-1.977;14.806;1.977;0.000;0.998;-57.075;-0.016;-1.869;14.641;0.000;0.998;-57.109
0235;-1.990;14.514;1.990;0.000;0.995;-19.289;0.037;-2.248;14.907;0.000;0.995;-20.816
0236;-1.916;13.117;1.916;0.000;0.998;-57.727;-0.025;-1.744;12.854;0.000;0.999;-61.372
0237;-1.768;12.665;1.768;0.000;0.998;-64.835;0.036;-2.019;13.047;0.000;0.999;-80.933
0238;-1.952;14.511;1.952;0.000;0.999;-93.995;-0.002;-1.939;14.491;0.000;0.999;-92.094
0240;-1.924;12.853;1.924;0.000;0.999;-82.525;0.014;-2.021;13.001;0.000;0.999;-84.427
0241;-2.045;15.700;2.045;0.000;0.966;40.462;0.013;-2.133;15.834;0.000;0.966;42.405
0242;-1.951;14.289;1.951;0.000;0.999;-61.959;-0.030;-1.743;13.972;0.000;0.999;-70.059
0243;-1.833;13.915;1.833;0.000;0.997;-46.807;0.051;-2.187;14.454;0.000;0.999;-65.856
0245;-1.959;14.188;1.959;0.000;0.983;14.562;-0.021;-1.813;13.965;0.000;0.984;16.200
0246;-1.930;14.133;1.930;0.000;1.000;-103.655;-0.002;-1.915;14.112;0.000;1.000;-101.812
0247;-1.969;14.464;1.969;0.000;0.998;-45.149;0.013;-2.058;14.601;0.000;0.998;-44.094
0248;-1.948;14.421;1.948;0.000;0.999;-63.297;0.001;-1.953;14.429;0.000;0.999;-61.303
0249;-1.953;13.369;1.953;0.000;1.000;-101.979;-0.017;-1.833;13.186;0.000;1.000;-112.607
0250;-1.964;13.762;1.964;0.000;0.993;-12.538;-0.024;-1.797;13.507;0.000;0.993;-11.688
0251;-1.902;12.374;1.902;0.000;0.997;-42.786;-0.033;-1.671;12.023;0.000;0.998;-47.074
0253;-1.966;14.047;1.966;0.000;0.997;-38.272;0.009;-2.028;14.141;0.000;0.997;-36.631
0254;-1.901;13.508;1.901;0.000;0.993;-15.153;0.038;-2.166;13.911;0.000;0.994;-16.393
0255;-1.833;13.614;1.833;0.000;0.998;-59.832;-0.034;-1.597;13.255;0.000;0.999;-70.363
0256;-1.770;11.928;1.770;0.000;0.999;-82.518;-0.005;-1.732;11.870;0.000;0.999;-81.080
0257;-1.924;14.376;1.924;0.000;0.999;-75.607;-0.000;-1.922;14.374;0.000;0.999;-73.608
0258;-2.006;14.580;2.006;0.000;0.997;-38.236;0.047;-2.331;15.075;0.000;0.998;-47.947
0259;-1.967;14.440;1.967;0.000;0.998;-51.490;-0.006;-1.928;14.380;0.000;0.998;-49.706
0260;-1.974;15.748;1.974;0.000;0.998;-56.421;0.031;-2.193;16.080;0.000;0.999;-63.548
0261;-1.880;13.269;1.880;0.000;0.999;-71.941;-0.019;-1.750;13.070;0.000;0.999;-75.005
0262;-2.019;15.157;2.019;0.000;0.997;-36.483;0.023;-2.180;15.401;0.000;0.997;-36.819
0263;-1.804;13.057;1.804;0.000;1.000;-100.390;-0.023;-1.643;12.811;0.000;1.000;-125.158
0264;-1.852;12.544;1.852;0.000;0.997;-47.925;0.006;-1.895;12.610;0.000;0.998;-46.166
0265;-1.897;12.387;1.897;0.000;0.999;-68.504;-0.010;-1.828;12.283;0.000;0.999;-67.677
0266;-1.902;14.414;1.902;0.000;0.997;-39.175;0.026;-2.085;14.692;0.000;0.997;-40.535
0267;-1.980;14.128;1.980;0.000;0.998;-47.225;0.020;-2.118;14.339;0.000;0.998;-47.690
0268;-1.811;13.170;1.811;0.000;0.998;-58.365;-0.045;-1.500;12.697;0.000;0.999;-81.149
0269;-1.965;13.976;1.965;0.000;0.999;-60.532;0.010;-2.038;14.087;0.000;0.999;-59.549
0270;-1.915;13.450;1.915;0.000;0.999;-75.760;-0.001;-1.909;13.441;0.000;0.999;-73.770
0274;-1.853;14.019;1.853;0.000;0.999;-76.693;-0.022;-1.704;13.792;0.000;0.999;-82.798
0275;-2.012;14.735;2.012;0.000;0.991;-3.341;0.020;-2.152;14.948;0.000;0.991;-1.934
0276;-1.927;14.889;1.927;0.000;1.000;-99.228;-0.021;-1.780;14.665;0.000;1.000;-116.368
0277;-1.977;14.072;1.977;0.000;0.999;-60.062;0.016;-2.091;14.245;0.000;0.999;-60.579
0278;-1.959;13.985;1.959;0.000;0.999;-88.874;0.011;-2.037;14.105;0.000;0.999;-89.952
0279;-1.832;13.321;1.832;0.000;0.998;-59.269;-0.023;-1.675;13.081;0.000;0.998;-62.146
0281;-1.961;14.333;1.961;0.000;0.992;-7.029;-0.015;-1.854;14.171;0.000;0.992;-5.416
0282;-1.707;12.343;1.707;0.000;0.998;-67.683;0.020;-1.845;12.554;0.000;0.999;-70.631
0283;-1.995;15.057;1.995;0.000;0.999;-74.067;0.012;-2.075;15.179;0.000;0.999;-74.022
0285;-1.928;13.852;1.928;0.000;0.998;-56.908;-0.017;-1.807;13.668;0.000;0.998;-57.489
0286;-1.920;14.021;1.920;0.000;0.997;-43.927;0.021;-2.064;14.240;0.000;0.998;-44.298
0288;-1.984;14.113;1.984;0.000;0.996;-27.168;0.023;-2.146;14.361;0.000;0.996;-26.922
0289;-1.953;13.829;1.953;0.000;0.995;-23.973;0.039;-2.222;14.239;0.000;0.996;-26.531
0290;-2.014;15.059;2.014;0.000;0.995;-18.711;0.007;-2.062;15.131;0.000;0.995;-16.823
0291;-2.008;14.382;2.008;0.000;0.996;-26.835;0.026;-2.188;14.656;0.000;0.996;-26.977
0292;-2.021;15.761;2.021;0.000;0.997;-40.363;0.036;-2.268;16.137;0.000;0.998;-45.053
0294;-1.981;13.724;1.981;0.000;0.997;-41.209;0.020;-2.122;13.938;0.000;0.997;-41.282
0295;-1.927;14.723;1.927;0.000;0.999;-94.388;0.014;-2.026;14.873;0.000;1.000;-98.389
0296;-1.794;13.167;1.794;0.000;0.998;-61.129;-0.042;-1.505;12.726;0.000;0.999;-81.996
0297;-1.981;14.778;1.981;0.000;0.994;-17.239;0.033;-2.207;15.122;0.000;0.995;-17.735
0298;-1.976;14.914;1.976;0.000;0.996;-29.839;0.039;-2.247;15.327;0.000;0.997;-33.508
0299;-1.831;15.716;1.831;0.000;0.882;74.692;0.024;-1.997;15.968;0.000;0.882;76.626
0301;-1.925;14.974;1.925;0.000;1.000;-102.688;0.000;-1.926;14.977;0.000;1.000;-100.690
0302;-1.983;14.970;1.983;0.000;0.999;-70.233;-0.023;-1.825;14.729;0.000;0.999;-75.498
0305;-1.823;14.510;1.823;0.000;0.999;-75.663;-0.012;-1.740;14.384;0.000;0.999;-75.866
0306;-1.864;13.491;1.864;0.000;0.998;-49.820;0.005;-1.902;13.548;0.000;0.998;-48.012
0307;-1.904;14.122;1.904;0.000;0.998;-58.093;0.014;-2.004;14.274;0.000;0.998;-57.886
0308;-1.900;13.611;1.900;0.000;0.999;-71.193;-0.004;-1.871;13.566;0.000;0.999;-69.429
0309;-1.966;14.054;1.966;0.000;0.998;-53.170;0.026;-2.150;14.333;0.000;0.998;-56.671
0310;-1.974;14.565;1.974;0.000;0.999;-65.629;0.029;-2.173;14.869;0.000;0.999;-74.100
0312;-1.949;12.933;1.949;0.000;0.999;-63.818;-0.030;-1.738;12.612;0.000;0.999;-73.014
0313;-1.855;13.197;1.855;0.000;0.991;-8.454;-0.005;-1.818;13.141;0.000;0.991;-6.503
0314;-1.620;11.471;1.620;0.000;0.994;-27.012;-0.096;-0.954;10.456;0.000;0.999;-104.073
0315;-1.922;14.070;1.922;0.000;0.998;-54.274;0.006;-1.961;14.130;0.000;0.998;-52.514
0316;-1.921;13.894;1.921;0.000;0.999;-66.809;-0.030;-1.714;13.578;0.000;0.999;-76.856
0317;-1.720;12.729;1.720;0.000;0.997;-52.603;-0.058;-1.318;12.117;0.000;0.999;-95.536
0318;-1.987;14.571;1.987;0.000;0.993;-9.552;-0.007;-1.936;14.493;0.000;0.993;-7.649
0319;-1.948;14.890;1.948;0.000;0.998;-54.274;0.042;-2.239;15.333;0.000;0.999;-69.252
0320;-1.980;14.490;1.980;0.000;0.999;-65.902;0.010;-2.049;14.595;0.000;0.999;-64.991
0322;-1.871;14.954;1.871;0.000;0.999;-63.393;0.039;-2.144;15.370;0.000;0.999;-82.887
0323;-1.839;12.490;1.839;0.000;0.991;-9.524;0.046;-2.159;12.977;0.000;0.992;-11.518
0324;-1.914;14.132;1.914;0.000;0.998;-54.944;-0.015;-1.810;13.973;0.000;0.998;-54.719
0325;-1.937;14.870;1.937;0.000;0.999;-61.816;0.017;-2.053;15.046;0.000;0.999;-62.572
0326;-1.896;14.917;1.896;0.000;0.999;-71.816;0.034;-2.134;15.279;0.000;0.999;-91.161
0327;-1.958;13.710;1.958;0.000;0.998;-47.765;-0.001;-1.954;13.705;0.000;0.998;-45.767
0328;-1.956;15.321;1.956;0.000;0.999;-66.036;-0.032;-1.731;14.979;0.000;0.999;-78.344
0329;-1.980;15.482;1.980;0.000;0.998;-45.430;0.001;-1.990;15.498;0.000;0.998;-43.442
0330;-1.993;15.255;1.993;0.000;0.999;-79.787;-0.006;-1.952;15.193;0.000;0.999;-78.386
0331;-2.002;15.172;2.002;0.000;0.998;-58.000;0.006;-2.043;15.235;0.000;0.998;-56.295
0333;-1.815;13.289;1.815;0.000;0.998;-58.560;0.040;-2.090;13.708;0.000;0.999;-74.219
0334;-1.932;14.347;1.932;0.000;0.999;-67.128;0.002;-1.948;14.372;0.000;0.999;-65.190
0336;-1.927;13.098;1.927;0.000;0.999;-91.217;0.006;-1.966;13.157;0.000;0.999;-89.993
0337;-1.947;14.194;1.947;0.000;0.998;-45.073;0.024;-2.114;14.448;0.000;0.998;-46.457
0338;-1.923;14.629;1.923;0.000;0.999;-79.839;-0.026;-1.745;14.357;0.000;0.999;-91.834
0339;-1.959;13.301;1.959;0.000;0.997;-41.767;0.028;-2.152;13.597;0.000;0.998;-43.928
0340;-1.790;12.720;1.790;0.000;0.999;-81.757;0.009;-1.849;12.810;0.000;0.999;-81.092
0342;-1.958;14.158;1.958;0.000;0.997;-38.557;-0.029;-1.760;13.856;0.000;0.997;-40.448
0344;-1.924;14.633;1.924;0.000;0.999;-68.278;0.014;-2.020;14.778;0.000;0.999;-68.586
0345;-2.000;14.024;2.000;0.000;0.999;-60.140;0.018;-2.124;14.213;0.000;0.999;-61.157
0347;-2.000;14.254;2.000;0.000;0.997;-35.515;0.023;-2.161;14.499;0.000;0.997;-35.795
0348;-1.989;13.960;1.989;0.000;0.995;-24.576;-0.044;-1.686;13.499;0.000;0.996;-28.586
0349;-1.707;12.382;1.707;0.000;0.999;-82.401;0.030;-1.917;12.701;0.000;1.000;-104.851
0351;-2.020;15.677;2.020;0.000;0.999;-60.707;0.011;-2.093;15.789;0.000;0.999;-59.759
0352;-1.974;14.678;1.974;0.000;0.997;-36.005;0.013;-2.061;14.810;0.000;0.997;-34.658
0353;-1.834;13.176;1.834;0.000;0.998;-55.968;-0.040;-1.557;12.753;0.000;0.999;-70.156
0354;-1.885;14.203;1.885;0.000;0.998;-55.629;-0.033;-1.655;13.853;0.000;0.999;-63.660
0355;-1.936;14.094;1.936;0.000;0.997;-36.261;0.025;-2.111;14.360;0.000;0.997;-37.011
0356;-1.878;13.308;1.878;0.000;0.997;-42.442;0.009;-1.937;13.399;0.000;0.997;-40.815
0357;-1.896;13.765;1.896;0.000;0.993;-15.452;0.041;-2.183;14.202;0.000;0.994;-17.340
0358;-1.793;11.991;1.793;0.000;0.999;-86.500;-0.019;-1.662;11.793;0.000;0.999;-92.994
0359;-1.784;13.659;1.784;0.000;0.996;-36.849;-0.006;-1.742;13.594;0.000;0.996;-35.007
0360;-1.956;14.078;1.956;0.000;0.999;-61.755;0.016;-2.069;14.251;0.000;0.999;-62.403
0361;-1.926;14.060;1.926;0.000;0.998;-46.395;-0.002;-1.910;14.036;0.000;0.998;-44.424
0362;-1.964;14.153;1.964;0.000;0.997;-43.683;0.001;-1.968;14.159;0.000;0.997;-41.685
0363;-1.867;13.612;1.867;0.000;0.996;-30.704;0.007;-1.918;13.689;0.000;0.996;-28.894
0364;-1.910;13.707;1.910;0.000;0.995;-23.114;0.042;-2.203;14.152;0.000;0.996;-26.401
0366;-1.926;14.344;1.926;0.000;0.996;-30.455;0.019;-2.057;14.543;0.000;0.996;-29.710
0367;-1.961;14.988;1.961;0.000;0.999;-75.803;-0.020;-1.821;14.776;0.000;0.999;-80.540
0368;-1.915;14.276;1.915;0.000;0.999;-71.517;-0.030;-1.705;13.957;0.000;0.999;-84.437
0369;-1.909;14.449;1.909;0.000;0.999;-67.293;-0.022;-1.755;14.215;0.000;0.999;-71.424
0370;-1.948;13.597;1.948;0.000;0.999;-92.073;-0.019;-1.813;13.392;0.000;1.000;-101.503
0371;-1.981;14.867;1.981;0.000;0.991;-2.495;0.004;-2.012;14.914;0.000;0.991;-0.524
0372;-1.967;13.388;1.967;0.000;0.998;-58.228;0.021;-2.109;13.606;0.000;0.999;-60.040
0373;-1.978;15.378;1.978;0.000;0.999;-73.517;0.026;-2.159;15.654;0.000;0.999;-82.796
0374;-1.882;13.706;1.882;0.000;0.998;-52.085;-0.025;-1.709;13.442;0.000;0.998;-54.748
0375;-2.016;15.466;2.016;0.000;0.998;-48.659;0.014;-2.113;15.614;0.000;0.998;-47.909
0376;-1.978;14.588;1.978;0.000;0.999;-77.465;0.021;-2.124;14.810;0.000;0.999;-83.337
0377;-1.924;14.629;1.924;0.000;0.996;-30.229;0.041;-2.208;15.062;0.000;0.997;-34.616
0378;-2.002;15.306;2.002;0.000;0.998;-43.265;0.037;-2.256;15.693;0.000;0.998;-49.225
0379;-1.921;14.414;1.921;0.000;0.995;-23.226;-0.031;-1.707;14.089;0.000;0.995;-23.937
0382;-1.896;14.085;1.896;0.000;0.998;-52.947;-0.022;-1.747;13.858;0.000;0.998;-54.439
0383;-1.920;13.883;1.920;0.000;0.997;-41.967;0.003;-1.939;13.912;0.000;0.997;-40.005
0384;-1.910;14.849;1.910;0.000;0.999;-70.420;-0.010;-1.837;14.739;0.000;0.999;-69.815
0385;-1.935;14.300;1.935;0.000;0.998;-52.826;-0.000;-1.933;14.297;0.000;0.998;-50.826
0386;-1.978;13.607;1.978;0.000;0.993;-12.402;-0.000;-1.978;13.606;0.000;0.993;-10.402
0387;-1.940;15.002;1.940;0.000;0.999;-81.440;0.019;-2.074;15.206;0.000;0.999;-87.020
0388;-1.938;14.412;1.938;0.000;0.999;-72.177;0.031;-2.153;14.739;0.000;0.999;-86.558
0390;-2.022;14.854;2.022;0.000;0.993;-11.622;0.040;-2.302;15.280;0.000;0.994;-12.855
0392;-1.997;15.218;1.997;0.000;0.988;6.363;-0.007;-1.950;15.146;0.000;0.988;8.314
0393;-2.012;15.019;2.012;0.000;0.997;-32.684;-0.002;-1.998;14.998;0.000;0.997;-30.699
0394;-2.001;14.749;2.001;0.000;0.999;-61.928;0.005;-2.037;14.804;0.000;0.999;-60.189
0395;-1.727;11.802;1.727;0.000;0.997;-45.388;0.006;-1.771;11.869;0.000;0.997;-43.617
0396;-1.979;14.627;1.979;0.000;0.995;-22.472;-0.008;-1.922;14.540;0.000;0.995;-20.654
0397;-1.982;15.101;1.982;0.000;0.997;-41.723;0.028;-2.174;15.393;0.000;0.998;-43.772
0398;-1.870;13.756;1.870;0.000;0.999;-72.506;0.019;-2.001;13.955;0.000;0.999;-75.692
0401;-1.743;12.002;1.743;0.000;0.997;-49.183;0.001;-1.752;12.016;0.000;0.997;-47.193
0402;-1.964;15.456;1.964;0.000;0.998;-47.002;0.021;-2.110;15.679;0.000;0.998;-47.763
0403;-2.004;13.923;2.004;0.000;0.997;-40.458;-0.010;-1.937;13.822;0.000;0.997;-38.898
0404;-2.003;14.902;2.003;0.000;0.998;-46.246;0.007;-2.048;14.971;0.000;0.998;-44.492
0406;-1.957;15.536;1.957;0.000;0.999;-74.631;0.014;-2.055;15.685;0.000;0.999;-75.648
0407;-1.978;15.130;1.978;0.000;0.999;-86.639;0.004;-2.003;15.167;0.000;0.999;-84.901
0408;-1.923;13.119;1.923;0.000;0.997;-41.882;0.014;-2.019;13.265;0.000;0.997;-40.844
0409;-1.960;14.220;1.960;0.000;0.997;-43.525;-0.012;-1.876;14.091;0.000;0.997;-42.325
0411;-1.964;15.075;1.964;0.000;0.997;-38.602;0.026;-2.147;15.353;0.000;0.997;-39.885
0412;-1.958;14.062;1.958;0.000;0.999;-87.095;-0.014;-1.863;13.919;0.000;0.999;-89.332
0413;-1.818;12.583;1.818;0.000;0.994;-22.672;0.022;-1.973;12.820;0.000;0.994;-22.054
0414;-1.979;16.749;1.979;0.000;0.998;-46.582;0.042;-2.269;17.190;0.000;0.998;-56.882
0415;-1.936;13.949;1.936;0.000;0.998;-54.412;-0.010;-1.866;13.842;0.000;0.998;-53.193
0416;-1.927;14.636;1.927;0.000;0.999;-87.196;0.016;-2.039;14.807;0.000;0.999;-91.456
0417;-1.884;13.314;1.884;0.000;0.997;-45.933;-0.048;-1.551;12.807;0.000;0.999;-61.049
0418;-1.968;14.464;1.968;0.000;0.991;-3.736;0.037;-2.223;14.853;0.000;0.991;-3.784
0419;-1.996;15.312;1.996;0.000;0.993;-13.543;0.032;-2.215;15.646;0.000;0.994;-13.617
0420;-1.890;13.546;1.890;0.000;0.995;-27.413;0.031;-2.103;13.871;0.000;0.996;-28.528
0422;-1.999;15.252;1.999;0.000;0.995;-22.488;0.032;-2.222;15.592;0.000;0.996;-23.384
0424;-1.941;14.970;1.941;0.000;0.997;-38.912;0.027;-2.129;15.257;0.000;0.997;-40.458
0425;-1.914;12.701;1.914;0.000;0.997;-44.789;-0.009;-1.850;12.603;0.000;0.997;-43.261
0426;-1.945;14.441;1.945;0.000;0.999;-85.812;0.012;-2.029;14.569;0.000;0.999;-87.015
0427;-1.961;14.645;1.961;0.000;0.999;-79.891;0.025;-2.135;14.910;0.000;0.999;-91.070
0429;-1.968;15.386;1.968;0.000;0.987;6.686;0.025;-2.144;15.653;0.000;0.987;8.013
0430;-1.955;14.783;1.955;0.000;0.997;-36.770;-0.016;-1.847;14.619;0.000;0.997;-35.813
0431;-1.937;13.443;1.937;0.000;0.996;-29.984;0.031;-2.149;13.767;0.000;0.996;-31.359
0432;-1.900;14.227;1.900;0.000;0.998;-46.569;-0.021;-1.751;14.001;0.000;0.998;-47.359
0433;-1.846;13.843;1.846;0.000;0.998;-58.483;0.036;-2.092;14.218;0.000;0.999;-69.714
0435;-1.943;13.366;1.943;0.000;0.993;-12.154;0.040;-2.217;13.784;0.000;0.994;-13.310
0436;-1.903;13.456;1.903;0.000;0.999;-72.070;-0.012;-1.818;13.326;0.000;0.999;-72.113
0437;-1.870;15.167;1.870;0.000;0.999;-66.212;-0.023;-1.714;14.928;0.000;0.999;-70.395
0438;-1.981;14.496;1.981;0.000;0.999;-66.038;0.015;-2.085;14.655;0.000;0.999;-66.607
0439;-1.986;14.943;1.986;0.000;0.998;-52.843;0.035;-2.227;15.311;0.000;0.999;-60.979
0440;-2.003;15.277;2.003;0.000;0.999;-63.863;0.024;-2.170;15.531;0.000;0.999;-68.384
0441;-1.931;15.240;1.931;0.000;0.999;-82.805;0.026;-2.114;15.520;0.000;1.000;-97.850
0442;-1.781;13.789;1.781;0.000;0.999;-98.783;-0.002;-1.766;13.766;0.000;0.999;-96.930
0444;-2.020;15.617;2.020;0.000;0.995;-22.002;0.040;-2.301;16.044;0.000;0.996;-24.630
0445;-1.969;15.281;1.969;0.000;0.998;-58.000;0.018;-2.096;15.475;0.000;0.999;-58.971
0446;-1.882;12.486;1.882;0.000;0.997;-46.205;-0.003;-1.863;12.457;0.000;0.997;-44.250
0447;-1.875;14.247;1.875;0.000;0.999;-88.282;-0.011;-1.801;14.134;0.000;0.999;-88.940
0449;-1.950;14.332;1.950;0.000;0.999;-69.961;-0.032;-1.728;13.994;0.000;0.999;-84.143
0450;-1.943;14.786;1.943;0.000;0.998;-57.582;0.036;-2.193;15.166;0.000;0.999;-68.777
0452;-1.851;13.204;1.851;0.000;0.998;-56.791;0.004;-1.876;13.242;0.000;0.998;-54.896
0453;-1.910;12.815;1.910;0.000;0.998;-56.241;-0.053;-1.546;12.261;0.000;0.999;-92.180
0454;-1.873;13.453;1.873;0.000;0.998;-49.202;0.022;-2.027;13.688;0.000;0.998;-50.493
0455;-1.737;12.196;1.737;0.000;0.999;-82.615;0.009;-1.801;12.294;0.000;0.999;-82.254
0456;-1.927;14.234;1.927;0.000;0.997;-44.068;0.006;-1.968;14.296;0.000;0.997;-42.256
0457;-1.838;12.944;1.838;0.000;0.999;-94.629;-0.000;-1.836;12.940;0.000;0.999;-92.632
0458;-1.887;14.197;1.887;0.000;0.999;-80.640;-0.028;-1.690;13.896;0.000;1.000;-97.480
0460;-1.827;12.559;1.827;0.000;0.999;-68.146;-0.004;-1.799;12.517;0.000;0.999;-66.332
0461;-1.956;14.386;1.956;0.000;0.996;-26.633;0.041;-2.237;14.814;0.000;0.996;-30.118
0462;-1.926;12.951;1.926;0.000;0.999;-70.045;0.004;-1.957;12.998;0.000;0.999;-68.289
0463;-1.943;15.004;1.943;0.000;0.998;-51.864;0.004;-1.973;15.050;0.000;0.998;-49.991
0464;-1.903;13.478;1.903;0.000;0.995;-23.336;-0.086;-1.310;12.575;0.000;0.998;-53.702
0465;-1.967;15.731;1.967;0.000;0.999;-71.292;-0.005;-1.932;15.678;0.000;0.999;-69.621
0466;-1.927;14.474;1.927;0.000;0.999;-70.986;-0.032;-1.704;14.134;0.000;0.999;-86.196
0467;-1.929;13.758;1.929;0.000;0.999;-75.525;-0.003;-1.906;13.722;0.000;0.999;-73.695
0468;-1.960;14.522;1.960;0.000;0.997;-35.824;-0.041;-1.675;14.088;0.000;0.997;-41.693
0469;-1.991;15.798;1.991;0.000;0.998;-56.615;-0.011;-1.913;15.680;0.000;0.998;-55.638
0470;-1.919;13.990;1.919;0.000;0.999;-83.070;0.023;-2.076;14.228;0.000;0.999;-92.558
0471;-1.950;13.733;1.950;0.000;0.996;-28.313;0.016;-2.060;13.902;0.000;0.996;-27.149
0472;-1.898;14.500;1.898;0.000;0.997;-39.172;0.019;-2.031;14.704;0.000;0.997;-38.916
0473;-2.003;15.501;2.003;0.000;0.997;-34.667;0.040;-2.281;15.925;0.000;0.997;-39.806
0474;-1.907;14.506;1.907;0.000;0.998;-52.466;0.031;-2.119;14.828;0.000;0.998;-57.849
0475;-1.962;14.437;1.962;0.000;0.998;-52.067;0.028;-2.159;14.737;0.000;0.998;-56.239
0476;-1.859;12.922;1.859;0.000;0.995;-24.829;-0.024;-1.690;12.664;0.000;0.995;-24.599
0477;-2.017;14.738;2.017;0.000;0.998;-46.889;0.020;-2.156;14.951;0.000;0.998;-47.368
0479;-1.969;14.995;1.969;0.000;0.997;-41.929;0.016;-2.082;15.167;0.000;0.997;-41.281
0480;-1.887;14.930;1.887;0.000;0.999;-82.685;0.006;-1.930;14.996;0.000;0.999;-81.407
0481;-1.934;14.329;1.934;0.000;0.996;-29.725;-0.010;-1.865;14.223;0.000;0.996;-28.066
0482;-1.980;14.144;1.980;0.000;0.998;-45.279;0.022;-2.134;14.379;0.000;0.998;-46.180
0483;-1.988;13.902;1.988;0.000;0.999;-60.202;0.010;-2.055;14.005;0.000;0.999;-59.063
0484;-1.955;13.703;1.955;0.000;0.994;-18.324;0.017;-2.075;13.887;0.000;0.994;-17.041
0485;-2.006;14.964;2.006;0.000;0.991;-3.706;0.018;-2.131;15.154;0.000;0.991;-2.183
0486;-1.936;14.479;1.936;0.000;0.998;-46.243;-0.022;-1.781;14.244;0.000;0.998;-47.245
0487;-2.002;14.766;2.002;0.000;0.999;-69.705;-0.001;-1.993;14.752;0.000;0.999;-67.727
0489;-1.909;13.363;1.909;0.000;1.000;-113.779;-0.008;-1.854;13.279;0.000;1.000;-115.242
0490;-1.942;14.054;1.942;0.000;0.996;-30.031;-0.002;-1.925;14.028;0.000;0.996;-28.051
0491;-1.835;13.174;1.835;0.000;0.998;-55.650;-0.005;-1.799;13.119;0.000;0.998;-53.865
0492;-1.916;13.974;1.916;0.000;0.998;-61.724;0.026;-2.093;14.244;0.000;0.999;-66.632
0493;-1.990;16.147;1.990;0.000;0.999;-81.554;0.021;-2.133;16.365;0.000;0.999;-88.394
0494;-1.958;15.083;1.958;0.000;0.999;-77.039;0.002;-1.970;15.102;0.000;0.999;-75.088
0495;-1.949;14.857;1.949;0.000;0.998;-50.690;0.001;-1.957;14.869;0.000;0.998;-48.700
0496;-1.780;13.178;1.780;0.000;0.998;-54.972;-0.018;-1.657;12.990;0.000;0.998;-55.467
0497;-2.001;15.466;2.001;0.000;0.999;-63.359;0.005;-2.039;15.523;0.000;0.999;-61.655
0498;-1.939;14.861;1.939;0.000;0.997;-41.250;0.060;-2.354;15.492;0.000;0.999;-65.026
0499;-1.952;13.411;1.952;0.000;0.998;-45.589;-0.005;-1.915;13.354;0.000;0.998;-43.754
0501;-1.931;13.860;1.931;0.000;0.998;-60.276;0.028;-2.128;14.160;0.000;0.999;-66.609
0502;-1.737;13.684;1.737;0.000;0.995;-30.717;0.076;-2.262;14.484;0.000;0.998;-60.866
0503;-1.792;13.174;1.792;0.000;0.999;-67.157;0.010;-1.860;13.277;0.000;0.999;-66.250
0504;-1.970;13.985;1.970;0.000;0.999;-77.247;-0.001;-1.965;13.977;0.000;0.999;-75.255
0505;-1.991;16.510;1.991;0.000;1.000;-117.500;-0.005;-1.960;16.461;0.000;1.000;-116.719
0506;-1.977;14.388;1.977;0.000;0.996;-27.010;0.020;-2.119;14.604;0.000;0.996;-26.331
0507;-1.749;12.509;1.749;0.000;0.998;-58.576;0.014;-1.848;12.660;0.000;0.998;-58.385
0509;-2.003;14.315;2.003;0.000;0.994;-16.460;0.030;-2.209;14.628;0.000;0.994;-16.458
0510;-1.946;14.866;1.946;0.000;0.998;-46.877;0.003;-1.967;14.897;0.000;0.998;-44.928
0511;-1.957;14.109;1.957;0.000;0.999;-82.382;-0.025;-1.787;13.850;0.000;1.000;-94.222
0512;-2.024;14.398;2.024;0.000;0.996;-29.610;0.016;-2.136;14.569;0.000;0.996;-28.498
0513;-1.968;15.341;1.968;0.000;0.995;-21.827;-0.014;-1.869;15.191;0.000;0.995;-20.364
0515;-1.960;14.808;1.960;0.000;0.999;-69.879;0.007;-2.010;14.885;0.000;0.999;-68.533
0516;-2.023;14.931;2.023;0.000;0.996;-28.413;0.036;-2.275;15.314;0.000;0.997;-31.003
0517;-1.943;14.719;1.943;0.000;0.995;-25.259;-0.001;-1.934;14.706;0.000;0.995;-23.263
0518;-1.982;15.153;1.982;0.000;0.994;-16.771;0.017;-2.101;15.335;0.000;0.994;-15.437
0519;-1.928;14.124;1.928;0.000;0.998;-60.476;-0.036;-1.678;13.743;0.000;0.999;-73.351
0520;-2.029;16.460;2.029;0.000;0.971;34.539;0.015;-2.130;16.613;0.000;0.971;36.449
0521;-1.906;14.312;1.906;0.000;0.999;-79.705;0.028;-2.103;14.613;0.000;1.000;-95.820
0522;-1.710;11.469;1.710;0.000;0.995;-30.627;-0.081;-1.147;10.612;0.000;0.999;-70.290
0524;-1.884;13.788;1.884;0.000;0.999;-66.503;-0.032;-1.660;13.446;0.000;0.999;-78.984
0525;-1.988;15.169;1.988;0.000;0.998;-59.435;0.013;-2.076;15.303;0.000;0.999;-58.904
0526;-1.885;13.777;1.885;0.000;0.999;-76.911;0.010;-1.951;13.878;0.000;0.999;-76.338
0527;-1.807;12.928;1.807;0.000;0.999;-79.252;-0.031;-1.595;12.605;0.000;1.000;-98.959
0528;-1.952;14.260;1.952;0.000;0.998;-51.768;0.036;-2.201;14.639;0.000;0.999;-60.201
0529;-1.893;14.305;1.893;0.000;0.999;-65.732;-0.029;-1.693;14.001;0.000;0.999;-74.274
0530;-1.806;13.914;1.806;0.000;0.998;-64.110;-0.008;-1.754;13.835;0.000;0.998;-62.695
0531;-1.921;15.377;1.921;0.000;0.998;-54.848;0.010;-1.991;15.484;0.000;0.998;-53.631
0532;-1.956;14.648;1.956;0.000;0.999;-82.957;0.003;-1.979;14.682;0.000;0.999;-81.160
0533;-1.920;15.599;1.920;0.000;0.999;-92.845;0.008;-1.978;15.688;0.000;0.999;-92.738
0534;-1.900;15.303;1.900;0.000;0.999;-66.926;-0.041;-1.614;14.868;0.000;1.000;-94.495
0535;-1.989;13.892;1.989;0.000;0.997;-33.617;0.044;-2.292;14.354;0.000;0.997;-39.956
0536;-1.931;14.021;1.931;0.000;0.999;-82.184;0.013;-2.023;14.162;0.000;0.999;-83.654
0537;-1.962;14.019;1.962;0.000;0.998;-46.314;-0.020;-1.824;13.808;0.000;0.998;-46.696
0538;-1.860;13.472;1.860;0.000;0.998;-49.315;-0.019;-1.726;13.268;0.000;0.998;-49.770
0539;-1.972;15.475;1.972;0.000;0.999;-61.257;0.012;-2.056;15.602;0.000;0.999;-60.648
0540;-1.976;14.382;1.976;0.000;0.996;-33.482;0.020;-2.115;14.593;0.000;0.997;-33.049
0541;-1.970;14.809;1.970;0.000;0.999;-65.381;0.018;-2.092;14.995;0.000;0.999;-66.885
0543;-1.968;14.707;1.968;0.000;0.988;3.774;0.048;-2.303;15.218;0.000;0.989;2.975
0544;-1.906;13.818;1.906;0.000;0.999;-66.192;0.025;-2.078;14.081;0.000;0.999;-71.815
0545;-1.975;12.808;1.975;0.000;0.998;-54.658;-0.026;-1.794;12.531;0.000;0.999;-58.318
0546;-1.985;16.009;1.985;0.000;0.993;-11.294;-0.001;-1.979;16.000;0.000;0.993;-9.295
0547;-2.006;15.376;2.006;0.000;0.996;-29.691;0.041;-2.292;15.812;0.000;0.997;-34.034
0548;-1.921;14.035;1.921;0.000;0.998;-60.358;-0.011;-1.845;13.918;0.000;0.998;-59.495
0549;-1.902;14.058;1.902;0.000;1.000;-97.630;0.013;-1.993;14.196;0.000;1.000;-101.274
0551;-1.887;14.046;1.887;0.000;0.998;-53.454;-0.005;-1.852;13.993;0.000;0.998;-51.636
0552;-1.931;14.296;1.931;0.000;0.999;-62.412;0.019;-2.062;14.496;0.000;0.999;-64.093
0553;-1.981;15.374;1.981;0.000;0.996;-26.088;-0.009;-1.918;15.277;0.000;0.996;-24.341
0554;-1.916;16.120;1.916;0.000;0.961;40.300;0.004;-1.943;16.161;0.000;0.961;42.295
0555;-1.981;14.749;1.981;0.000;0.999;-60.857;0.013;-2.069;14.883;0.000;0.999;-60.385
0556;-2.004;14.469;2.004;0.000;0.999;-70.676;-0.022;-1.851;14.236;0.000;0.999;-75.575
0557;-1.910;14.146;1.910;0.000;0.997;-45.017;0.039;-2.177;14.553;0.000;0.998;-52.551
0558;-1.919;13.312;1.919;0.000;0.996;-35.126;-0.002;-1.908;13.295;0.000;0.996;-33.135
0559;-1.854;14.201;1.854;0.000;0.998;-61.730;-0.011;-1.778;14.084;0.000;0.998;-60.911
0560;-1.855;13.135;1.855;0.000;0.998;-50.737;-0.060;-1.438;12.500;0.000;0.999;-94.785
0561;-1.939;14.551;1.939;0.000;0.998;-60.264;0.024;-2.106;14.805;0.000;0.999;-64.001
0562;-1.924;15.053;1.924;0.000;0.997;-40.962;0.021;-2.066;15.270;0.000;0.997;-41.074
0563;-2.025;15.456;2.025;0.000;0.997;-37.983;0.038;-2.290;15.859;0.000;0.998;-43.179
0564;-1.826;12.373;1.826;0.000;0.998;-61.674;0.018;-1.952;12.565;0.000;0.999;-62.948
0565;-1.698;12.211;1.698;0.000;0.998;-60.957;0.018;-1.826;12.406;0.000;0.998;-62.260
0566;-1.920;13.398;1.920;0.000;0.996;-27.828;-0.018;-1.797;13.210;0.000;0.996;-26.852
0567;-1.975;14.838;1.975;0.000;0.995;-22.848;-0.010;-1.908;14.737;0.000;0.995;-21.097
0568;-1.934;13.899;1.934;0.000;0.995;-22.386;0.033;-2.160;14.242;0.000;0.995;-23.345
0570;-1.997;16.235;1.997;0.000;0.997;-43.269;0.036;-2.247;16.616;0.000;0.998;-48.963
0571;-1.844;13.950;1.844;0.000;0.996;-33.079;-0.080;-1.290;13.106;0.000;0.999;-77.274
0572;-1.974;14.855;1.974;0.000;0.997;-37.541;-0.012;-1.893;14.732;0.000;0.997;-36.137
0573;-1.948;14.320;1.948;0.000;0.999;-61.909;0.012;-2.034;14.452;0.000;0.999;-61.420
0574;-1.876;14.548;1.876;0.000;0.996;-34.210;0.042;-2.170;14.995;0.000;0.997;-40.124
0575;-1.886;13.759;1.886;0.000;0.999;-70.215;-0.005;-1.853;13.709;0.000;0.999;-68.493
0576;-1.964;15.284;1.964;0.000;0.999;-66.385;0.016;-2.073;15.451;0.000;0.999;-67.251
0577;-1.971;14.372;1.971;0.000;0.999;-72.820;0.019;-2.105;14.576;0.000;0.999;-76.338
0578;-1.852;13.404;1.852;0.000;0.999;-69.921;-0.014;-1.753;13.253;0.000;0.999;-70.572
0579;-1.756;12.052;1.756;0.000;0.999;-78.289;-0.030;-1.548;11.736;0.000;0.999;-95.861
0580;-1.957;14.547;1.957;0.000;0.997;-37.766;0.037;-2.211;14.934;0.000;0.997;-42.305
0581;-1.649;11.957;1.649;0.000;0.998;-59.138;-0.048;-1.319;11.455;0.000;0.999;-88.402
0582;-2.000;14.815;2.000;0.000;0.999;-89.316;0.013;-2.092;14.956;0.000;1.000;-91.762
0583;-1.829;11.956;1.829;0.000;0.999;-91.298;0.016;-1.937;12.120;0.000;0.999;-95.874
0584;-1.982;14.488;1.982;0.000;0.999;-79.375;-0.024;-1.813;14.231;0.000;0.999;-89.242
0585;-1.809;13.122;1.809;0.000;0.998;-59.838;-0.002;-1.794;13.098;0.000;0.998;-57.883
0586;-1.795;10.683;1.795;0.000;0.998;-59.694;0.029;-1.994;10.986;0.000;0.999;-66.002
0589;-1.926;13.348;1.926;0.000;0.999;-62.950;-0.028;-1.731;13.051;0.000;0.999;-69.891
0590;-1.940;13.969;1.940;0.000;0.998;-56.387;0.019;-2.074;14.174;0.000;0.998;-57.535
0591;-1.893;14.329;1.893;0.000;0.998;-54.943;-0.022;-1.739;14.095;0.000;0.998;-56.939
0592;-1.997;15.629;1.997;0.000;0.984;14.382;0.015;-2.101;15.787;0.000;0.984;16.201
0593;-1.584;11.758;1.584;0.000;0.999;-101.504;-0.018;-1.458;11.567;0.000;1.000;-113.464
0594;-1.980;13.934;1.980;0.000;0.998;-49.386;0.006;-2.022;13.997;0.000;0.998;-47.613
0595;-1.926;12.877;1.926;0.000;0.997;-45.482;-0.044;-1.622;12.414;0.000;0.998;-56.743
0596;-1.899;13.568;1.899;0.000;0.999;-65.595;0.002;-1.910;13.584;0.000;0.999;-63.622
0597;-1.749;13.634;1.749;0.000;0.998;-67.348;0.016;-1.860;13.803;0.000;0.999;-68.399
0598;-1.926;14.637;1.926;0.000;0.999;-69.503;-0.016;-1.816;14.469;0.000;0.999;-70.763
0599;-1.876;14.684;1.876;0.000;0.999;-65.720;0.009;-1.937;14.777;0.000;0.999;-64.567
0600;-1.914;13.359;1.914;0.000;0.999;-64.507;0.000;-1.914;13.359;0.000;0.999;-62.507
0601;-2.012;14.495;2.012;0.000;0.997;-35.009;0.014;-2.106;14.638;0.000;0.997;-33.755
0602;-1.904;13.485;1.904;0.000;0.999;-74.817;0.003;-1.926;13.518;0.000;0.999;-72.960
0603;-1.976;14.762;1.976;0.000;0.999;-74.938;0.013;-2.069;14.903;0.000;0.999;-75.645
0605;-1.804;12.055;1.804;0.000;0.995;-28.319;-0.054;-1.433;11.488;0.000;0.997;-37.350
0606;-1.996;15.724;1.996;0.000;0.999;-71.597;0.026;-2.178;16.001;0.000;0.999;-80.195
0607;-1.917;15.225;1.917;0.000;0.999;-67.528;0.015;-2.022;15.384;0.000;0.999;-68.254
0608;-1.797;12.259;1.797;0.000;0.997;-43.389;-0.023;-1.637;12.016;0.000;0.997;-44.316
0610;-1.982;15.122;1.982;0.000;0.997;-35.097;0.031;-2.198;15.452;0.000;0.997;-37.274
0611;-1.973;16.015;1.973;0.000;0.992;-9.517;0.001;-1.983;16.030;0.000;0.992;-7.521
0613;-1.907;13.566;1.907;0.000;0.999;-77.574;0.003;-1.927;13.596;0.000;0.999;-75.704
0614;-1.867;14.330;1.867;0.000;0.998;-55.543;-0.039;-1.599;13.921;0.000;0.999;-68.182
0615;-1.972;15.222;1.972;0.000;0.999;-76.881;0.004;-2.003;15.270;0.000;0.999;-75.193
0616;-1.857;13.372;1.857;0.000;0.999;-68.752;-0.013;-1.768;13.236;0.000;0.999;-68.793
0617;-1.899;13.469;1.899;0.000;0.999;-70.758;-0.002;-1.883;13.446;0.000;0.999;-68.823
0618;-1.868;13.300;1.868;0.000;0.999;-70.856;-0.034;-1.636;12.947;0.000;0.999;-87.963
0620;-1.986;13.953;1.986;0.000;0.997;-38.599;0.008;-2.042;14.037;0.000;0.997;-36.886
0621;-2.016;15.333;2.016;0.000;0.998;-52.694;0.023;-2.176;15.577;0.000;0.998;-54.719
0622;-1.944;13.762;1.944;0.000;0.999;-92.250;-0.009;-1.880;13.666;0.000;0.999;-92.439
0623;-1.952;14.373;1.952;0.000;0.999;-83.501;-0.010;-1.883;14.268;0.000;0.999;-83.445
0624;-1.889;13.404;1.889;0.000;0.999;-71.971;0.014;-1.986;13.551;0.000;0.999;-72.636
0625;-1.982;15.616;1.982;0.000;0.998;-51.903;0.007;-2.028;15.686;0.000;0.998;-50.206
0626;-1.914;13.952;1.914;0.000;0.999;-62.809;0.020;-2.055;14.166;0.000;0.999;-65.123
0627;-1.957;14.344;1.957;0.000;0.997;-41.645;0.017;-2.072;14.520;0.000;0.997;-41.061
0628;-2.024;13.876;2.024;0.000;0.980;22.286;0.019;-2.156;14.077;0.000;0.980;24.055
0629;-1.982;14.147;1.982;0.000;0.995;-20.016;0.016;-2.095;14.319;0.000;0.995;-18.677
0630;-2.000;15.398;2.000;0.000;0.989;2.705;0.034;-2.237;15.759;0.000;0.990;3.289
0631;-1.833;13.085;1.833;0.000;0.999;-68.291;-0.015;-1.732;12.931;0.000;0.999;-68.887
0632;-1.992;14.941;1.992;0.000;0.999;-82.256;0.023;-2.153;15.186;0.000;1.000;-92.150
0633;-1.827;14.761;1.827;0.000;0.998;-60.875;0.050;-2.170;15.284;0.000;1.000;-99.310
0635;-1.969;14.075;1.969;0.000;0.998;-56.752;0.013;-2.060;14.213;0.000;0.998;-56.166
0637;-1.956;15.313;1.956;0.000;1.000;-99.797;0.001;-1.961;15.320;0.000;1.000;-97.811
0639;-1.949;14.125;1.949;0.000;0.999;-92.253;-0.007;-1.900;14.051;0.000;0.999;-91.522
0640;-1.789;12.597;1.789;0.000;0.999;-84.598;-0.018;-1.663;12.404;0.000;0.999;-89.993
0641;-1.890;13.721;1.890;0.000;0.997;-43.035;-0.069;-1.415;12.998;0.000;0.999;-88.738
0642;-1.840;12.496;1.840;0.000;0.993;-18.066;-0.105;-1.114;11.391;0.000;0.999;-69.039
0643;-1.937;15.121;1.937;0.000;0.998;-50.847;0.012;-2.023;15.251;0.000;0.998;-49.881
0644;-1.956;13.983;1.956;0.000;0.999;-68.559;0.007;-2.003;14.054;0.000;0.999;-67.107
0645;-1.943;13.683;1.943;0.000;0.999;-70.318;-0.003;-1.921;13.649;0.000;0.999;-68.449
0646;-1.795;13.708;1.795;0.000;0.999;-96.035;-0.007;-1.744;13.631;0.000;0.999;-95.608
0647;-1.890;14.442;1.890;0.000;0.995;-27.402;-0.025;-1.714;14.173;0.000;0.996;-27.496
0648;-1.952;14.989;1.952;0.000;0.997;-36.741;-0.008;-1.894;14.901;0.000;0.997;-35.036
0650;-1.852;13.067;1.852;0.000;0.997;-43.199;-0.056;-1.467;12.481;0.000;0.999;-63.823
0651;-1.965;13.947;1.965;0.000;0.986;9.625;0.051;-2.319;14.487;0.000;0.987;9.043
0654;-1.926;13.013;1.926;0.000;0.999;-92.533;-0.002;-1.915;12.996;0.000;0.999;-90.597
0655;-1.822;14.064;1.822;0.000;0.998;-62.734;0.015;-1.928;14.225;0.000;0.999;-63.110
0656;-1.950;13.604;1.950;0.000;0.996;-33.943;0.023;-2.109;13.846;0.000;0.997;-34.040
0657;-1.899;13.198;1.899;0.000;0.999;-81.490;-0.026;-1.718;12.923;0.000;1.000;-95.003
0658;-2.006;14.926;2.006;0.000;0.997;-33.195;0.037;-2.264;15.320;0.000;0.997;-36.949
0660;-1.917;13.903;1.917;0.000;0.998;-53.005;0.007;-1.968;13.981;0.000;0.998;-51.400
0661;-1.969;14.508;1.969;0.000;0.999;-72.221;0.011;-2.049;14.629;0.000;0.999;-72.019
0663;-1.893;13.168;1.893;0.000;0.989;-1.669;-0.002;-1.878;13.145;0.000;0.989;0.325
0664;-1.889;13.285;1.889;0.000;0.999;-85.031;0.011;-1.965;13.400;0.000;0.999;-85.531
0665;-1.897;12.837;1.897;0.000;0.999;-65.461;-0.044;-1.589;12.367;0.000;1.000;-98.990
0666;-1.960;15.062;1.960;0.000;0.999;-66.063;0.005;-1.991;15.111;0.000;0.999;-64.293
0667;-1.959;14.667;1.959;0.000;0.999;-73.044;-0.015;-1.857;14.512;0.000;0.999;-74.137
0668;-1.953;15.328;1.953;0.000;0.998;-57.524;0.044;-2.260;15.794;0.000;0.999;-78.359
0669;-1.906;14.581;1.906;0.000;0.997;-41.213;-0.049;-1.567;14.066;0.000;0.998;-53.791
0670;-1.972;14.758;1.972;0.000;0.998;-47.170;0.014;-2.070;14.908;0.000;0.998;-46.382
0672;-1.933;13.473;1.933;0.000;0.997;-37.778;0.010;-2.004;13.580;0.000;0.997;-36.232
0673;-1.929;13.595;1.929;0.000;0.993;-11.400;0.011;-2.004;13.710;0.000;0.993;-9.621
0674;-1.975;14.353;1.975;0.000;0.999;-81.030;0.020;-2.111;14.561;0.000;0.999;-86.743
0675;-1.934;13.595;1.934;0.000;0.999;-72.369;-0.021;-1.786;13.370;0.000;0.999;-77.077
0676;-1.907;14.057;1.907;0.000;0.999;-70.361;-0.004;-1.881;14.018;0.000;0.999;-68.531
0677;-1.980;13.454;1.980;0.000;0.998;-43.984;-0.005;-1.945;13.400;0.000;0.998;-42.124
0678;-1.990;14.849;1.990;0.000;0.999;-63.382;0.003;-2.013;14.884;0.000;0.999;-61.491
0679;-1.878;12.930;1.878;0.000;0.998;-52.284;-0.042;-1.588;12.488;0.000;0.999;-65.848
0680;-2.033;15.739;2.033;0.000;0.990;-0.359;0.046;-2.350;16.223;0.000;0.991;-1.242
0682;-1.979;13.798;1.979;0.000;0.997;-43.344;0.011;-2.053;13.910;0.000;0.998;-41.934
0683;-1.976;14.563;1.976;0.000;0.998;-48.832;0.017;-2.096;14.746;0.000;0.998;-48.768
0684;-1.941;14.869;1.941;0.000;0.995;-26.090;0.003;-1.965;14.905;0.000;0.995;-24.126
0686;-1.989;16.372;1.989;0.000;0.999;-91.295;-0.005;-1.957;16.323;0.000;0.999;-89.819
0687;-1.799;12.816;1.799;0.000;0.999;-79.956;0.004;-1.826;12.856;0.000;0.999;-78.211
0688;-1.970;15.144;1.970;0.000;0.999;-78.808;-0.009;-1.905;15.045;0.000;0.999;-78.273
0689;-1.976;13.973;1.976;0.000;0.998;-44.471;0.020;-2.115;14.184;0.000;0.998;-44.728
0690;-1.959;15.014;1.959;0.000;0.999;-75.125;-0.039;-1.691;14.607;0.000;1.000;-110.448
0691;-1.724;12.011;1.724;0.000;0.999;-75.683;-0.030;-1.513;11.689;0.000;0.999;-91.848
0692;-1.989;14.867;1.989;0.000;0.995;-21.529;0.038;-2.253;15.269;0.000;0.996;-23.530
0693;-1.912;13.924;1.912;0.000;0.998;-61.778;0.026;-2.094;14.200;0.000;0.999;-67.054
0694;-2.001;15.682;2.001;0.000;0.999;-73.983;0.009;-2.062;15.774;0.000;0.999;-73.080
0695;-1.888;13.625;1.888;0.000;0.995;-27.224;-0.028;-1.691;13.325;0.000;0.996;-27.845
0699;-1.966;13.652;1.966;0.000;0.999;-75.391;-0.005;-1.928;13.595;0.000;0.999;-73.827
0700;-1.877;13.018;1.877;0.000;0.999;-65.561;-0.025;-1.703;12.753;0.000;0.999;-71.135
0701;-1.946;12.381;1.946;0.000;0.994;-17.130;-0.023;-1.788;12.139;0.000;0.994;-16.330
0702;-1.785;12.689;1.785;0.000;0.999;-72.817;0.028;-1.977;12.981;0.000;0.999;-83.478
0703;-1.937;13.990;1.937;0.000;0.992;-7.827;-0.023;-1.781;13.753;0.000;0.992;-6.683
0704;-1.938;13.726;1.938;0.000;0.998;-48.259;-0.009;-1.872;13.626;0.000;0.998;-46.810
0705;-1.985;15.012;1.985;0.000;0.998;-53.344;0.014;-2.079;15.155;0.000;0.998;-52.701
0706;-1.957;15.012;1.957;0.000;0.998;-50.240;0.001;-1.965;15.025;0.000;0.998;-48.250
0707;-1.868;13.678;1.868;0.000;0.999;-77.651;-0.003;-1.845;13.643;0.000;0.999;-75.824
0708;-1.929;13.867;1.929;0.000;0.996;-31.401;-0.009;-1.870;13.776;0.000;0.996;-29.666
0709;-1.904;14.356;1.904;0.000;0.997;-38.874;-0.016;-1.790;14.183;0.000;0.997;-38.117
0710;-1.934;14.192;1.934;0.000;0.999;-81.287;-0.001;-1.925;14.178;0.000;0.999;-79.319
0711;-1.901;13.325;1.901;0.000;0.999;-65.757;0.008;-1.954;13.406;0.000;0.999;-64.389
0712;-1.947;13.951;1.947;0.000;0.999;-63.371;-0.023;-1.791;13.713;0.000;0.999;-66.917
0713;-1.982;14.976;1.982;0.000;0.999;-83.078;-0.002;-1.967;14.954;0.000;0.999;-81.160
0714;-1.945;14.062;1.945;0.000;0.997;-44.732;0.016;-2.056;14.231;0.000;0.998;-44.169
0715;-1.939;14.406;1.939;0.000;0.997;-40.351;-0.020;-1.800;14.194;0.000;0.997;-40.324
0716;-1.974;15.392;1.974;0.000;0.996;-30.444;0.026;-2.151;15.662;0.000;0.996;-30.792
0717;-1.805;13.050;1.805;0.000;0.998;-55.338;-0.007;-1.753;12.972;0.000;0.998;-53.761
0719;-1.982;14.433;1.982;0.000;0.999;-63.378;0.036;-2.233;14.816;0.000;0.999;-78.453
0720;-1.929;16.010;1.929;0.000;0.998;-59.351;0.033;-2.158;16.357;0.000;0.999;-68.704
0721;-1.980;14.639;1.980;0.000;1.000;-98.382;0.003;-2.002;14.674;0.000;1.000;-96.712
0722;-1.840;13.568;1.840;0.000;0.998;-57.205;-0.042;-1.547;13.121;0.000;0.999;-74.989
0723;-1.956;13.149;1.956;0.000;0.997;-35.571;-0.054;-1.584;12.582;0.000;0.998;-48.394
0724;-1.925;13.831;1.925;0.000;0.998;-47.796;0.023;-2.084;14.074;0.000;0.998;-49.153
0725;-1.940;13.895;1.940;0.000;0.999;-82.105;-0.005;-1.907;13.846;0.000;0.999;-80.503
0726;-1.886;12.468;1.886;0.000;0.998;-47.066;-0.053;-1.516;11.903;0.000;0.999;-69.450
0727;-1.951;15.029;1.951;0.000;1.000;-98.613;0.011;-2.024;15.140;0.000;1.000;-100.301
0729;-1.901;14.545;1.901;0.000;0.998;-49.484;-0.010;-1.835;14.443;0.000;0.998;-48.077
0730;-1.960;14.902;1.960;0.000;0.998;-53.529;0.011;-2.033;15.014;0.000;0.998;-52.354
0731;-2.005;14.482;2.005;0.000;0.970;34.873;-0.027;-1.820;14.199;0.000;0.970;36.571
0732;-1.881;14.252;1.881;0.000;0.999;-70.454;0.008;-1.933;14.332;0.000;0.999;-69.183
0733;-1.910;13.693;1.910;0.000;0.999;-72.295;0.004;-1.937;13.734;0.000;0.999;-70.498
0734;-1.957;15.413;1.957;0.000;0.999;-72.276;0.021;-2.102;15.633;0.000;0.999;-76.678
0735;-1.985;14.692;1.985;0.000;0.995;-23.635;0.025;-2.159;14.957;0.000;0.995;-23.431
0736;-1.892;14.128;1.892;0.000;0.998;-54.912;-0.016;-1.782;13.960;0.000;0.998;-54.901
0737;-1.943;13.970;1.943;0.000;0.996;-31.352;0.032;-2.163;14.306;0.000;0.997;-33.182
0738;-1.977;14.256;1.977;0.000;1.000;-103.493;0.006;-2.019;14.320;0.000;1.000;-102.869
0739;-1.967;14.566;1.967;0.000;0.998;-50.599;-0.008;-1.912;14.483;0.000;0.998;-49.011
0740;-1.937;13.237;1.937;0.000;0.995;-22.894;-0.014;-1.838;13.085;0.000;0.995;-21.454
0741;-1.955;14.183;1.955;0.000;0.997;-38.168;0.030;-2.166;14.505;0.000;0.997;-40.579
0742;-1.835;12.131;1.835;0.000;0.998;-59.350;0.036;-2.088;12.516;0.000;0.999;-71.965
0743;-2.012;15.927;2.012;0.000;0.981;21.090;0.008;-2.069;16.013;0.000;0.981;23.046
0747;-1.958;13.843;1.958;0.000;0.994;-16.987;0.016;-2.068;14.010;0.000;0.994;-15.551
0748;-1.871;13.949;1.871;0.000;0.998;-61.617;0.022;-2.026;14.185;0.000;0.999;-64.744
0749;-1.959;15.566;1.959;0.000;0.999;-79.492;0.027;-2.144;15.847;0.000;0.999;-92.451
0750;-1.918;12.375;1.918;0.000;0.997;-38.647;-0.042;-1.626;11.930;0.000;0.998;-45.913
0752;-1.982;16.069;1.982;0.000;0.999;-62.324;0.041;-2.264;16.498;0.000;0.999;-82.699
0754;-1.889;14.239;1.889;0.000;0.998;-53.562;-0.009;-1.823;14.139;0.000;0.998;-52.214
0755;-1.865;13.354;1.865;0.000;0.998;-58.062;-0.007;-1.815;13.278;0.000;0.998;-56.505
0756;-1.870;13.430;1.870;0.000;0.997;-46.357;0.026;-2.051;13.706;0.000;0.998;-48.603
0757;-1.982;13.234;1.982;0.000;0.998;-59.481;-0.031;-1.770;12.911;0.000;0.999;-67.089
0758;-1.977;16.100;1.977;0.000;0.999;-71.694;0.032;-2.201;16.441;0.000;0.999;-87.597
0759;-1.911;14.297;1.911;0.000;0.999;-72.879;-0.011;-1.835;14.181;0.000;0.999;-72.549
0760;-1.906;13.948;1.906;0.000;0.999;-69.594;-0.036;-1.660;13.572;0.000;0.999;-88.979
0762;-1.910;13.457;1.910;0.000;0.991;-7.223;0.027;-2.094;13.738;0.000;0.992;-6.400
0763;-2.001;15.352;2.001;0.000;0.998;-44.381;0.022;-2.153;15.583;0.000;0.998;-45.105
0765;-1.854;14.020;1.854;0.000;0.998;-57.080;0.019;-1.984;14.218;0.000;0.998;-58.086
0766;-1.869;13.155;1.869;0.000;0.989;-0.853;0.054;-2.240;13.721;0.000;0.990;-2.932
0768;-1.904;14.876;1.904;0.000;0.999;-63.425;0.010;-1.970;14.977;0.000;0.999;-62.361
0769;-1.955;14.332;1.955;0.000;0.997;-42.504;0.015;-2.058;14.490;0.000;0.997;-41.666
0770;-1.889;14.001;1.889;0.000;0.997;-45.526;-0.064;-1.445;13.325;0.000;0.999;-85.610
0771;-1.987;15.454;1.987;0.000;0.993;-10.106;0.035;-2.229;15.823;0.000;0.993;-10.371
0772;-2.017;15.654;2.017;0.000;0.996;-30.127;0.026;-2.199;15.931;0.000;0.997;-30.582
0774;-1.997;15.747;1.997;0.000;0.989;1.693;0.048;-2.333;16.259;0.000;0.990;0.672
0775;-1.931;12.658;1.931;0.000;0.997;-41.236;-0.034;-1.697;12.302;0.000;0.998;-45.392
0778;-1.949;14.097;1.949;0.000;0.998;-47.605;-0.039;-1.676;13.681;0.000;0.998;-56.689
0780;-2.011;15.767;2.011;0.000;0.999;-82.395;0.015;-2.114;15.924;0.000;0.999;-84.771
0781;-1.935;15.310;1.935;0.000;0.997;-36.378;0.013;-2.025;15.447;0.000;0.997;-35.097
0782;-1.973;15.004;1.973;0.000;0.999;-67.380;0.023;-2.130;15.244;0.000;0.999;-71.918
0783;-1.925;14.849;1.925;0.000;0.999;-87.876;-0.019;-1.791;14.646;0.000;1.000;-95.347
0784;-1.995;13.763;1.995;0.000;0.996;-31.670;0.008;-2.051;13.849;0.000;0.996;-29.908
0787;-1.985;14.375;1.985;0.000;0.992;-7.946;-0.017;-1.868;14.197;0.000;0.992;-6.427
0788;-1.843;12.161;1.843;0.000;0.998;-59.376;-0.009;-1.782;12.070;0.000;0.998;-58.045
0789;-1.972;14.609;1.972;0.000;0.999;-65.630;-0.006;-1.928;14.543;0.000;0.999;-64.054
0791;-2.021;15.502;2.021;0.000;0.998;-45.493;0.041;-2.305;15.935;0.000;0.998;-54.736
0792;-1.823;13.283;1.823;0.000;0.996;-38.478;0.052;-2.181;13.828;0.000;0.998;-51.524
0793;-1.958;14.781;1.958;0.000;0.998;-52.442;-0.005;-1.925;14.729;0.000;0.998;-50.607
0794;-1.976;14.857;1.976;0.000;0.997;-38.421;-0.002;-1.962;14.835;0.000;0.997;-36.440
0795;-1.971;13.266;1.971;0.000;0.998;-54.087;-0.008;-1.915;13.180;0.000;0.998;-52.578
0796;-1.967;14.129;1.967;0.000;0.998;-49.907;0.021;-2.112;14.349;0.000;0.998;-50.854
0797;-1.947;14.093;1.947;0.000;0.999;-62.734;0.024;-2.111;14.342;0.000;0.999;-66.732
0798;-1.966;14.861;1.966;0.000;0.999;-89.376;0.017;-2.084;15.041;0.000;1.000;-94.938
0799;-1.986;14.416;1.986;0.000;0.999;-79.623;0.023;-2.145;14.658;0.000;0.999;-88.057
0800;-1.956;13.148;1.956;0.000;0.992;-8.046;0.012;-2.041;13.278;0.000;0.992;-6.299
0802;-1.976;15.893;1.976;0.000;0.998;-50.208;-0.012;-1.894;15.768;0.000;0.998;-49.133
0803;-1.944;15.227;1.944;0.000;0.999;-78.981;-0.012;-1.861;15.101;0.000;0.999;-79.438
0804;-1.938;13.640;1.938;0.000;0.998;-48.357;0.001;-1.942;13.646;0.000;0.998;-46.359
0805;-1.982;14.734;1.982;0.000;0.999;-65.327;0.027;-2.168;15.017;0.000;0.999;-72.100
0806;-1.938;13.585;1.938;0.000;0.995;-21.988;-0.031;-1.724;13.260;0.000;0.995;-22.590
0807;-1.949;13.760;1.949;0.000;0.996;-29.840;-0.055;-1.568;13.180;0.000;0.997;-40.261
0808;-2.003;15.596;2.003;0.000;0.995;-21.367;0.039;-2.271;16.005;0.000;0.996;-23.502
0810;-1.905;13.415;1.905;0.000;0.995;-26.528;0.015;-2.010;13.574;0.000;0.995;-25.228
0811;-1.954;15.094;1.954;0.000;0.998;-46.276;-0.013;-1.867;14.961;0.000;0.998;-45.202
0812;-1.962;13.993;1.962;0.000;0.998;-56.452;0.006;-2.004;14.056;0.000;0.998;-54.741
0813;-1.911;14.293;1.911;0.000;1.000;-124.482;-0.003;-1.888;14.257;0.000;1.000;-123.306
0814;-2.018;16.488;2.018;0.000;0.999;-62.129;0.024;-2.181;16.737;0.000;0.999;-65.946
0815;-1.988;14.435;1.988;0.000;0.998;-52.191;0.011;-2.066;14.555;0.000;0.998;-51.099
0817;-1.832;11.642;1.832;0.000;0.996;-38.129;0.029;-2.033;11.948;0.000;0.997;-40.099
0818;-1.880;13.828;1.880;0.000;0.998;-54.643;-0.002;-1.865;13.804;0.000;0.998;-52.682
0819;-1.895;13.440;1.895;0.000;0.985;10.009;0.053;-2.265;14.003;0.000;0.986;9.225
0820;-1.957;14.849;1.957;0.000;0.995;-24.781;-0.047;-1.635;14.358;0.000;0.996;-29.719
0821;-1.966;13.284;1.966;0.000;0.998;-51.121;0.029;-2.167;13.590;0.000;0.998;-55.367
0822;-1.774;11.545;1.774;0.000;0.997;-44.462;-0.074;-1.262;10.766;0.000;1.000;-137.667
0823;-1.862;13.081;1.862;0.000;0.999;-90.583;-0.002;-1.849;13.060;0.000;0.999;-88.675
0824;-1.868;13.959;1.868;0.000;0.997;-41.906;-0.003;-1.845;13.924;0.000;0.997;-39.961
0825;-1.925;14.433;1.925;0.000;0.999;-63.975;0.008;-1.977;14.513;0.000;0.999;-62.559
0826;-1.947;13.538;1.947;0.000;0.998;-54.088;-0.014;-1.846;13.385;0.000;0.998;-53.680
0827;-1.981;14.644;1.981;0.000;0.999;-78.964;0.000;-1.982;14.647;0.000;0.999;-76.965
0828;-1.865;12.964;1.865;0.000;0.996;-35.763;-0.080;-1.314;12.124;0.000;0.999;-90.093
0829;-1.920;14.004;1.920;0.000;0.996;-31.066;-0.088;-1.308;13.073;0.000;1.000;-96.066
0830;-2.018;15.757;2.018;0.000;0.998;-51.417;0.009;-2.077;15.847;0.000;0.998;-49.914
0831;-1.925;14.207;1.925;0.000;0.998;-46.708;-0.011;-1.848;14.089;0.000;0.998;-45.433
0832;-1.913;13.642;1.913;0.000;0.998;-47.832;0.004;-1.942;13.686;0.000;0.998;-45.940
0833;-1.877;13.765;1.877;0.000;0.992;-12.760;0.049;-2.219;14.286;0.000;0.994;-15.934
0835;-2.017;15.497;2.017;0.000;0.999;-60.714;0.023;-2.177;15.740;0.000;0.999;-64.008
0836;-1.875;12.926;1.875;0.000;0.999;-74.106;-0.023;-1.716;12.683;0.000;0.999;-80.685
0837;-1.969;15.769;1.969;0.000;1.000;-101.446;0.003;-1.990;15.802;0.000;1.000;-99.784
0838;-1.894;14.212;1.894;0.000;0.999;-66.412;0.007;-1.944;14.289;0.000;0.999;-65.005
0839;-1.826;13.134;1.826;0.000;0.999;-67.098;-0.031;-1.608;12.803;0.000;0.999;-78.858
0840;-1.931;14.107;1.931;0.000;0.994;-16.768;0.045;-2.240;14.577;0.000;0.995;-19.535
0841;-1.963;13.873;1.963;0.000;0.998;-53.505;0.005;-1.997;13.925;0.000;0.998;-51.680
0842;-1.835;13.724;1.835;0.000;0.994;-22.813;-0.077;-1.301;12.911;0.000;0.997;-43.379
0843;-1.983;14.013;1.983;0.000;0.999;-67.528;0.013;-2.077;14.155;0.000;0.999;-67.678
0844;-2.008;14.435;2.008;0.000;0.998;-48.250;-0.008;-1.954;14.353;0.000;0.998;-46.620
0845;-2.005;15.666;2.005;0.000;0.996;-25.685;0.049;-2.341;16.179;0.000;0.997;-31.603
0846;-1.905;12.969;1.905;0.000;0.996;-30.362;-0.007;-1.855;12.892;0.000;0.996;-28.545
0847;-1.924;13.184;1.924;0.000;0.993;-14.948;-0.040;-1.651;12.767;0.000;0.994;-16.403
0848;-1.953;14.211;1.953;0.000;0.995;-23.394;0.028;-2.144;14.501;0.000;0.995;-23.549
0849;-1.915;13.456;1.915;0.000;0.997;-44.160;0.022;-2.065;13.684;0.000;0.998;-44.763
0851;-1.905;13.361;1.905;0.000;0.999;-65.394;-0.019;-1.772;13.159;0.000;0.999;-67.582
0852;-1.894;14.274;1.894;0.000;0.998;-55.339;-0.022;-1.741;14.040;0.000;0.998;-57.381
0853;-1.744;10.432;1.744;0.000;0.996;-36.317;0.066;-2.204;11.133;0.000;0.998;-62.206
0854;-1.979;14.428;1.979;0.000;0.995;-20.222;0.013;-2.067;14.563;0.000;0.995;-18.628
0855;-1.890;12.931;1.890;0.000;0.998;-54.171;-0.040;-1.611;12.506;0.000;0.999;-67.399
0856;-1.990;15.403;1.990;0.000;0.999;-87.639;0.010;-2.056;15.503;0.000;0.999;-87.698
0857;-1.939;14.200;1.939;0.000;0.999;-68.281;0.001;-1.948;14.215;0.000;0.999;-66.302
0858;-1.959;13.805;1.959;0.000;0.999;-67.748;0.023;-2.115;14.044;0.000;0.999;-72.236
0859;-2.012;15.202;2.012;0.000;0.990;0.444;0.047;-2.339;15.700;0.000;0.991;-0.531
0860;-1.892;13.326;1.892;0.000;0.998;-49.843;-0.011;-1.813;13.205;0.000;0.998;-48.697
0861;-1.931;14.964;1.931;0.000;0.997;-44.521;0.051;-2.280;15.497;0.000;0.999;-60.890
0862;-1.806;12.499;1.806;0.000;0.999;-94.304;0.016;-1.918;12.669;0.000;1.000;-100.269
0864;-1.988;15.442;1.988;0.000;1.000;-97.697;0.002;-2.003;15.465;0.000;1.000;-95.842
0865;-1.900;13.090;1.900;0.000;0.999;-65.200;0.013;-1.988;13.223;0.000;0.999;-64.930
0866;-1.992;15.002;1.992;0.000;0.998;-56.968;0.024;-2.158;15.255;0.000;0.999;-60.025
0867;-1.994;14.724;1.994;0.000;0.999;-62.584;0.028;-2.188;15.019;0.000;0.999;-69.370
0868;-1.935;14.240;1.935;0.000;0.995;-21.853;0.014;-2.034;14.391;0.000;0.995;-20.396
0870;-1.943;14.753;1.943;0.000;0.994;-16.371;0.044;-2.249;15.219;0.000;0.995;-18.970
0871;-1.870;14.052;1.870;0.000;0.999;-72.364;-0.026;-1.687;13.773;0.000;0.999;-81.398
0872;-1.922;13.905;1.922;0.000;0.998;-57.972;-0.050;-1.574;13.374;0.000;0.999;-91.569
0873;-1.916;13.568;1.916;0.000;0.995;-25.997;0.039;-2.183;13.975;0.000;0.996;-28.787
0874;-1.962;15.174;1.962;0.000;0.998;-46.604;0.027;-2.148;15.456;0.000;0.998;-49.061
0875;-2.017;16.324;2.017;0.000;0.989;2.414;0.007;-2.066;16.399;0.000;0.989;4.355
0876;-1.961;14.315;1.961;0.000;0.997;-38.074;0.022;-2.115;14.550;0.000;0.997;-38.351
0877;-1.946;14.982;1.946;0.000;0.998;-49.522;0.014;-2.041;15.127;0.000;0.998;-48.751
0878;-1.951;15.614;1.951;0.000;0.999;-85.591;-0.013;-1.858;15.472;0.000;0.999;-87.517
0880;-1.930;14.905;1.930;0.000;0.997;-40.248;0.027;-2.114;15.185;0.000;0.997;-41.769
0881;-1.959;14.297;1.959;0.000;0.999;-62.809;0.002;-1.975;14.321;0.000;0.999;-60.860
0882;-1.991;14.154;1.991;0.000;0.995;-20.114;0.019;-2.122;14.353;0.000;0.995;-19.006
0883;-1.961;14.592;1.961;0.000;0.999;-68.347;0.006;-2.000;14.652;0.000;0.999;-66.731
0884;-1.971;15.029;1.971;0.000;0.999;-78.667;-0.034;-1.736;14.671;0.000;1.000;-105.667
0885;-1.919;14.373;1.919;0.000;1.000;-113.640;-0.001;-1.915;14.366;0.000;1.000;-111.659
0886;-1.946;14.765;1.946;0.000;0.996;-33.056;0.035;-2.187;15.132;0.000;0.997;-35.953
0887;-1.843;14.538;1.843;0.000;0.998;-63.026;-0.043;-1.547;14.087;0.000;0.999;-88.000
0888;-1.839;12.776;1.839;0.000;1.000;-103.925;0.001;-1.848;12.789;0.000;1.000;-101.982
0889;-1.976;13.445;1.976;0.000;0.986;10.355;0.038;-2.240;13.847;0.000;0.986;10.983
0892;-1.843;12.635;1.843;0.000;0.998;-51.737;-0.033;-1.617;12.292;0.000;0.998;-57.996
0894;-1.820;13.034;1.820;0.000;1.000;-101.797;-0.003;-1.803;13.007;0.000;1.000;-100.027
0896;-1.842;13.408;1.842;0.000;0.999;-64.494;-0.028;-1.651;13.117;0.000;0.999;-71.618
0897;-1.964;14.454;1.964;0.000;0.996;-28.514;0.012;-2.046;14.580;0.000;0.996;-26.974
0898;-1.881;13.153;1.881;0.000;0.999;-68.010;-0.026;-1.702;12.880;0.000;0.999;-74.950
0899;-1.970;14.240;1.970;0.000;0.997;-39.119;0.016;-2.082;14.411;0.000;0.997;-38.351
0900;-1.986;14.323;1.986;0.000;0.996;-30.275;0.037;-2.242;14.713;0.000;0.997;-33.349
0901;-1.934;13.656;1.934;0.000;0.998;-57.371;0.006;-1.973;13.714;0.000;0.998;-55.625
0903;-1.961;14.769;1.961;0.000;0.999;-62.360;-0.003;-1.937;14.733;0.000;0.999;-60.473
0904;-1.893;13.640;1.893;0.000;0.997;-43.020;-0.071;-1.401;12.889;0.000;1.000;-98.573
0905;-1.966;14.818;1.966;0.000;0.998;-51.850;0.021;-2.113;15.042;0.000;0.998;-53.130
0906;-1.935;13.863;1.935;0.000;0.999;-94.042;0.018;-2.059;14.051;0.000;1.000;-102.031
0907;-1.977;14.590;1.977;0.000;1.000;-102.163;0.004;-2.003;14.629;0.000;1.000;-100.638
0908;-1.879;13.382;1.879;0.000;0.998;-47.404;0.055;-2.258;13.960;0.000;0.999;-72.148
0909;-1.956;14.520;1.956;0.000;0.997;-36.715;0.021;-2.099;14.739;0.000;0.997;-36.588
0910;-1.940;13.818;1.940;0.000;0.991;-6.478;0.016;-2.049;13.983;0.000;0.991;-4.871
0911;-1.958;12.910;1.958;0.000;0.996;-32.499;-0.049;-1.618;12.391;0.000;0.997;-41.027
0912;-1.934;12.287;1.934;0.000;0.997;-37.815;0.036;-2.181;12.663;0.000;0.997;-41.960
0914;-1.922;14.789;1.922;0.000;0.999;-64.676;0.026;-2.100;15.059;0.000;0.999;-70.400
0915;-1.758;11.720;1.758;0.000;0.995;-30.927;-0.084;-1.176;10.834;0.000;0.999;-78.347
0916;-1.995;15.233;1.995;0.000;0.998;-49.976;0.023;-2.152;15.473;0.000;0.998;-51.515
0918;-1.900;13.434;1.900;0.000;0.998;-48.291;-0.016;-1.786;13.262;0.000;0.998;-47.975
0919;-1.873;13.929;1.873;0.000;0.999;-80.357;-0.014;-1.775;13.779;0.000;0.999;-82.033
0921;-1.973;15.673;1.973;0.000;0.999;-75.195;0.024;-2.136;15.922;0.000;0.999;-82.602
0922;-1.918;14.498;1.918;0.000;0.994;-16.750;-0.033;-1.690;14.152;0.000;0.994;-17.243
0923;-1.904;15.094;1.904;0.000;0.996;-31.897;0.039;-2.177;15.509;0.000;0.997;-36.061
0924;-1.832;14.421;1.832;0.000;0.999;-93.152;0.005;-1.869;14.477;0.000;0.999;-91.892
0925;-1.969;14.146;1.969;0.000;0.974;29.502;0.042;-2.257;14.585;0.000;0.974;30.630
0926;-1.893;14.167;1.893;0.000;0.999;-79.231;-0.006;-1.850;14.101;0.000;0.999;-77.896
0927;-1.930;13.691;1.930;0.000;0.998;-45.591;-0.022;-1.778;13.460;0.000;0.998;-46.412
0928;-2.023;14.123;2.023;0.000;0.997;-32.119;-0.007;-1.978;14.054;0.000;0.997;-30.276
0929;-1.885;14.644;1.885;0.000;0.999;-74.259;0.031;-2.100;14.971;0.000;0.999;-90.237
0931;-1.910;13.266;1.910;0.000;0.997;-36.443;-0.034;-1.678;12.912;0.000;0.997;-39.553
0933;-1.921;14.263;1.921;0.000;0.997;-43.750;0.011;-1.995;14.376;0.000;0.997;-42.363
0934;-1.870;12.919;1.870;0.000;0.998;-56.907;0.021;-2.013;13.138;0.000;0.998;-58.606
0936;-1.805;12.769;1.805;0.000;0.999;-71.391;-0.026;-1.622;12.490;0.000;0.999;-80.124
0937;-1.988;13.696;1.988;0.000;1.000;-98.903;-0.001;-1.980;13.685;0.000;1.000;-96.940
0938;-1.962;14.725;1.962;0.000;0.999;-65.390;-0.016;-1.851;14.556;0.000;0.999;-66.242
0939;-1.828;12.199;1.828;0.000;0.998;-63.094;-0.044;-1.526;11.738;0.000;0.999;-90.017
0940;-1.877;12.903;1.877;0.000;0.998;-60.711;-0.051;-1.523;12.364;0.000;1.000;-104.547
0941;-1.916;13.321;1.916;0.000;0.999;-66.158;0.006;-1.959;13.387;0.000;0.999;-64.585
0942;-1.894;13.787;1.894;0.000;0.998;-58.420;-0.012;-1.811;13.661;0.000;0.998;-57.676
0943;-2.003;14.665;2.003;0.000;0.998;-47.151;0.017;-2.122;14.847;0.000;0.998;-46.957
0945;-1.983;14.943;1.983;0.000;1.000;-98.263;-0.007;-1.932;14.864;0.000;1.000;-98.023
0946;-1.907;13.943;1.907;0.000;0.997;-40.138;0.007;-1.956;14.017;0.000;0.997;-38.373
0947;-1.887;13.328;1.887;0.000;0.998;-58.283;-0.035;-1.643;12.956;0.000;0.999;-69.140
0948;-1.945;14.223;1.945;0.000;0.999;-80.299;0.021;-2.092;14.447;0.000;0.999;-87.241
0949;-1.880;13.029;1.880;0.000;0.998;-58.840;-0.033;-1.650;12.679;0.000;0.999;-68.177
0950;-1.936;13.975;1.936;0.000;0.999;-66.418;0.020;-2.076;14.189;0.000;0.999;-69.298
0951;-1.971;14.637;1.971;0.000;0.998;-47.185;-0.015;-1.866;14.477;0.000;0.998;-46.579
0952;-1.985;14.969;1.985;0.000;0.997;-34.931;0.036;-2.234;15.349;0.000;0.997;-38.577
0953;-1.926;14.638;1.926;0.000;0.998;-50.749;0.041;-2.208;15.068;0.000;0.999;-62.371
0954;-1.879;12.862;1.879;0.000;0.998;-59.017;0.026;-2.058;13.134;0.000;0.999;-63.425
0955;-1.965;13.847;1.965;0.000;0.998;-44.603;-0.029;-1.765;13.543;0.000;0.998;-47.481
0957;-1.933;13.796;1.933;0.000;0.996;-34.139;-0.012;-1.847;13.664;0.000;0.996;-32.751
0958;-2.024;15.287;2.024;0.000;0.999;-89.700;0.002;-2.039;15.309;0.000;0.999;-87.810
0959;-1.949;14.976;1.949;0.000;0.997;-37.609;0.014;-2.046;15.124;0.000;0.997;-36.475
0960;-1.875;14.398;1.875;0.000;0.998;-52.794;0.041;-2.163;14.836;0.000;0.999;-66.272
0961;-1.889;13.604;1.889;0.000;0.997;-45.180;0.028;-2.083;13.899;0.000;0.998;-47.872
0962;-1.972;13.947;1.972;0.000;0.999;-61.593;-0.046;-1.650;13.456;0.000;1.000;-92.707
0964;-1.928;13.541;1.928;0.000;0.998;-50.054;-0.020;-1.792;13.334;0.000;0.998;-50.653
0965;-1.907;14.790;1.907;0.000;0.998;-61.985;-0.000;-1.907;14.789;0.000;0.998;-59.985
0967;-1.924;13.716;1.924;0.000;0.997;-36.005;-0.008;-1.870;13.633;0.000;0.997;-34.263
0968;-1.995;15.248;1.995;0.000;0.998;-49.071;0.023;-2.151;15.487;0.000;0.998;-50.462
0969;-1.935;13.010;1.935;0.000;0.996;-27.082;-0.040;-1.660;12.592;0.000;0.996;-30.358
0970;-1.887;13.481;1.887;0.000;0.999;-72.596;0.011;-1.960;13.593;0.000;0.999;-72.136
0971;-1.805;14.294;1.805;0.000;0.992;-14.646;-0.118;-0.985;13.044;0.000;1.000;-98.677
0972;-1.798;13.106;1.798;0.000;0.999;-69.276;-0.023;-1.637;12.860;0.000;0.999;-74.620
0973;-1.855;12.964;1.855;0.000;0.999;-92.650;-0.009;-1.791;12.866;0.000;0.999;-92.964
0974;-1.999;14.950;1.999;0.000;0.999;-60.652;0.032;-2.218;15.282;0.000;0.999;-69.390
0975;-1.947;14.703;1.947;0.000;0.998;-50.747;-0.041;-1.662;14.269;0.000;0.999;-62.713
0976;-1.982;15.388;1.982;0.000;0.999;-79.001;0.032;-2.202;15.723;0.000;1.000;-100.851
0977;-2.023;15.701;2.023;0.000;0.996;-27.261;0.013;-2.112;15.837;0.000;0.996;-25.782
0978;-2.007;14.568;2.007;0.000;0.998;-54.613;0.020;-2.145;14.778;0.000;0.998;-55.754
0979;-1.934;13.886;1.934;0.000;0.993;-11.551;0.020;-2.070;14.093;0.000;0.993;-10.283
0980;-1.913;13.165;1.913;0.000;0.991;-4.955;-0.048;-1.580;12.658;0.000;0.992;-6.673
0981;-1.961;14.804;1.961;0.000;0.999;-72.168;0.029;-2.160;15.108;0.000;0.999;-83.739
0982;-1.888;13.810;1.888;0.000;0.998;-53.105;-0.001;-1.880;13.797;0.000;0.998;-51.116
0983;-1.833;14.003;1.833;0.000;0.998;-56.902;0.041;-2.120;14.440;0.000;0.999;-73.323
0984;-1.968;15.081;1.968;0.000;0.997;-43.732;-0.003;-1.950;15.053;0.000;0.997;-41.769
0985;-1.911;14.267;1.911;0.000;0.999;-71.760;0.029;-2.115;14.577;0.000;0.999;-83.768
0986;-1.978;13.994;1.978;0.000;0.999;-85.051;0.011;-2.057;14.115;0.000;0.999;-85.789
0989;-1.859;13.518;1.859;0.000;0.998;-61.014;0.023;-2.019;13.761;0.000;0.999;-64.345
0990;-1.888;13.285;1.888;0.000;0.993;-17.050;0.055;-2.268;13.863;0.000;0.995;-22.639
0991;-1.952;14.328;1.952;0.000;0.999;-69.484;-0.000;-1.950;14.325;0.000;0.999;-67.485
0992;-1.993;15.616;1.993;0.000;0.998;-48.033;0.004;-2.018;15.653;0.000;0.998;-46.111
0993;-1.895;12.625;1.895;0.000;0.997;-37.202;0.013;-1.982;12.758;0.000;0.997;-35.888
0994;-1.917;13.463;1.917;0.000;0.998;-47.913;-0.006;-1.875;13.398;0.000;0.998;-46.145
0995;-1.946;13.829;1.946;0.000;0.995;-23.745;0.016;-2.058;14.000;0.000;0.995;-22.479
0996;-1.852;12.957;1.852;0.000;0.997;-39.324;0.007;-1.901;13.031;0.000;0.997;-37.552
0997;-1.873;13.652;1.873;0.000;0.999;-78.349;0.033;-2.102;14.002;0.000;1.000;-102.755
0998;-1.699;13.424;1.699;0.000;0.994;-28.254;-0.088;-1.088;12.493;0.000;0.999;-77.395
0999;-1.920;13.973;1.920;0.000;0.998;-47.530;-0.010;-1.853;13.871;0.000;0.998;-46.100
1000;-1.984;15.297;1.984;0.000;0.997;-34.406;0.052;-2.342;15.842;0.000;0.998;-45.177
1002;-1.888;13.481;1.888;0.000;0.998;-57.416;0.013;-1.982;13.623;0.000;0.998;-56.944
1003;-1.989;14.633;1.989;0.000;0.997;-39.288;0.040;-2.266;15.055;0.000;0.998;-45.670
1004;-1.823;12.285;1.823;0.000;0.996;-37.172;-0.050;-1.475;11.755;0.000;0.998;-48.448
1005;-1.984;14.213;1.984;0.000;0.999;-66.300;-0.029;-1.782;13.906;0.000;0.999;-75.379
1006;-1.996;14.698;1.996;0.000;0.983;16.645;0.024;-2.165;14.956;0.000;0.983;18.192
1007;-1.883;14.041;1.883;0.000;0.998;-55.470;0.035;-2.128;14.415;0.000;0.999;-65.087
1008;-2.008;15.373;2.008;0.000;0.997;-40.769;0.005;-2.040;15.423;0.000;0.997;-38.875
1009;-1.992;14.642;1.992;0.000;0.997;-40.139;0.019;-2.125;14.843;0.000;0.997;-39.913
1010;-1.933;14.584;1.933;0.000;0.999;-94.703;-0.003;-1.915;14.556;0.000;0.999;-92.888
1012;-1.974;14.955;1.974;0.000;0.999;-74.709;0.013;-2.067;15.096;0.000;0.999;-75.394
1013;-1.890;14.486;1.890;0.000;0.997;-44.692;0.017;-2.006;14.662;0.000;0.997;-44.251
1014;-1.963;14.163;1.963;0.000;0.998;-55.210;0.008;-2.017;14.246;0.000;0.998;-53.685
1015;-2.008;15.869;2.008;0.000;0.999;-76.950;0.019;-2.143;16.074;0.000;0.999;-81.397
1016;-1.838;12.809;1.838;0.000;0.999;-85.592;-0.015;-1.734;12.651;0.000;0.999;-88.575
1017;-1.985;16.006;1.985;0.000;0.996;-33.077;0.022;-2.140;16.243;0.000;0.997;-33.029
1018;-1.958;13.759;1.958;0.000;0.999;-64.271;0.016;-2.067;13.925;0.000;0.999;-64.941
1019;-1.993;14.659;1.993;0.000;0.999;-88.528;-0.009;-1.932;14.567;0.000;0.999;-88.271
1020;-1.988;14.891;1.988;0.000;0.997;-41.170;0.024;-2.156;15.147;0.000;0.998;-42.188
1021;-2.008;15.317;2.008;0.000;0.999;-62.748;0.003;-2.031;15.351;0.000;0.999;-60.852
1022;-1.925;12.857;1.925;0.000;0.998;-52.762;-0.027;-1.739;12.573;0.000;0.998;-56.389
1023;-1.967;14.833;1.967;0.000;0.999;-86.817;0.005;-2.001;14.884;0.000;0.999;-85.318
1024;-1.930;14.781;1.930;0.000;0.993;-11.619;0.033;-2.161;15.133;0.000;0.993;-11.793
1025;-1.980;13.922;1.980;0.000;1.000;-96.231;-0.005;-1.949;13.874;0.000;1.000;-94.839
1026;-1.968;13.695;1.968;0.000;0.990;-0.347;0.007;-2.017;13.770;0.000;0.990;1.586
1027;-1.935;14.052;1.935;0.000;0.994;-20.546;0.027;-2.119;14.333;0.000;0.995;-20.379
1028;-1.924;14.359;1.924;0.000;0.998;-53.966;0.030;-2.132;14.676;0.000;0.998;-59.452
1029;-1.942;14.476;1.942;0.000;1.000;-110.063;0.005;-1.973;14.525;0.000;1.000;-109.034
1030;-1.911;13.695;1.911;0.000;0.998;-59.492;-0.030;-1.703;13.378;0.000;0.999;-66.674
1031;-1.921;13.640;1.921;0.000;0.992;-10.177;0.001;-1.931;13.656;0.000;0.992;-8.181
1032;-1.951;14.606;1.951;0.000;0.997;-40.548;0.006;-1.995;14.674;0.000;0.997;-38.746
1033;-1.912;13.705;1.912;0.000;0.992;-10.481;0.026;-2.091;13.977;0.000;0.992;-9.710
1034;-1.990;15.771;1.990;0.000;0.999;-86.785;0.017;-2.105;15.947;0.000;0.999;-91.343
1035;-1.982;13.649;1.982;0.000;0.997;-41.431;-0.019;-1.850;13.449;0.000;0.997;-41.255
1036;-1.941;14.151;1.941;0.000;0.991;-6.433;0.049;-2.283;14.672;0.000;0.992;-8.584
1037;-1.962;13.325;1.962;0.000;0.999;-63.358;-0.009;-1.903;13.234;0.000;0.999;-62.110
1038;-1.905;15.060;1.905;0.000;0.999;-76.063;0.019;-2.038;15.262;0.000;0.999;-80.156
1039;-1.864;13.591;1.864;0.000;0.998;-60.472;-0.030;-1.655;13.272;0.000;0.999;-68.164
1040;-1.950;13.889;1.950;0.000;0.998;-54.586;-0.014;-1.853;13.741;0.000;0.998;-54.111
1041;-1.966;14.299;1.966;0.000;1.000;-95.688;-0.008;-1.911;14.215;0.000;1.000;-95.571
1042;-1.904;12.822;1.904;0.000;0.992;-8.457;0.023;-2.062;13.063;0.000;0.992;-7.350
1043;-1.979;15.181;1.979;0.000;0.998;-54.993;0.021;-2.125;15.404;0.000;0.998;-56.592
1044;-1.965;14.483;1.965;0.000;0.996;-33.578;0.026;-2.146;14.759;0.000;0.997;-34.300
1045;-1.926;14.600;1.926;0.000;0.999;-74.678;0.009;-1.986;14.691;0.000;0.999;-73.761
1046;-1.925;13.996;1.925;0.000;0.999;-76.542;-0.010;-1.855;13.891;0.000;0.999;-76.111
1047;-1.865;14.125;1.865;0.000;0.999;-78.825;-0.022;-1.710;13.888;0.000;0.999;-86.391
1048;-1.977;15.258;1.977;0.000;0.999;-67.270;-0.003;-1.957;15.228;0.000;0.999;-65.362
1049;-1.736;11.987;1.736;0.000;0.997;-47.698;-0.060;-1.317;11.348;0.000;0.999;-84.152
1050;-2.025;15.275;2.025;0.000;0.998;-56.957;0.013;-2.113;15.410;0.000;0.998;-56.306
1052;-2.001;14.498;2.001;0.000;0.998;-52.788;-0.001;-1.996;14.490;0.000;0.998;-50.792
1053;-1.958;14.981;1.958;0.000;0.997;-43.360;-0.017;-1.844;14.807;0.000;0.998;-42.823
1054;-1.957;14.382;1.957;0.000;0.997;-37.034;0.002;-1.972;14.405;0.000;0.997;-35.055
1055;-1.936;13.890;1.936;0.000;0.997;-41.809;-0.015;-1.835;13.735;0.000;0.997;-40.906
1056;-1.994;15.131;1.994;0.000;0.998;-49.410;0.037;-2.247;15.517;0.000;0.999;-57.374
1057;-1.833;12.937;1.833;0.000;0.999;-78.810;-0.000;-1.831;12.934;0.000;0.999;-76.811
1058;-1.968;13.173;1.968;0.000;0.998;-58.244;-0.019;-1.833;12.968;0.000;0.999;-59.609
1059;-1.976;15.199;1.976;0.000;0.999;-65.982;0.034;-2.212;15.559;0.000;0.999;-80.209
1060;-1.984;15.113;1.984;0.000;0.999;-67.002;0.024;-2.150;15.365;0.000;0.999;-72.191
1061;-1.933;12.459;1.933;0.000;0.997;-45.086;-0.000;-1.931;12.455;0.000;0.997;-43.087
1062;-1.930;15.368;1.930;0.000;0.999;-91.876;0.015;-2.032;15.522;0.000;1.000;-95.797
1063;-1.854;13.237;1.854;0.000;0.999;-74.593;0.019;-1.989;13.442;0.000;0.999;-78.578
1064;-1.682;12.358;1.682;0.000;0.999;-77.216;0.004;-1.709;12.400;0.000;0.999;-75.465
1065;-2.007;16.138;2.007;0.000;0.996;-31.012;0.034;-2.241;16.493;0.000;0.997;-33.287
1066;-1.947;14.473;1.947;0.000;0.999;-76.286;-0.008;-1.891;14.389;0.000;0.999;-75.279
1067;-1.856;13.330;1.856;0.000;0.998;-57.058;0.016;-1.970;13.503;0.000;0.998;-57.336
1070;-1.926;14.836;1.926;0.000;0.996;-33.141;0.016;-2.040;15.009;0.000;0.996;-32.176
1071;-1.992;15.109;1.992;0.000;0.998;-52.310;0.009;-2.055;15.205;0.000;0.998;-50.896
1072;-1.950;14.144;1.950;0.000;0.993;-14.174;-0.053;-1.580;13.580;0.000;0.995;-18.628
1073;-1.905;13.934;1.905;0.000;0.998;-60.730;0.002;-1.921;13.959;0.000;0.998;-58.781
1074;-1.969;13.842;1.969;0.000;0.999;-66.172;-0.009;-1.907;13.747;0.000;0.999;-65.075
1076;-1.953;14.938;1.953;0.000;0.996;-29.534;-0.009;-1.890;14.843;0.000;0.996;-27.811
1077;-1.967;14.198;1.967;0.000;0.995;-23.888;0.029;-2.171;14.508;0.000;0.996;-24.406
1078;-1.932;14.422;1.932;0.000;0.996;-27.863;0.017;-2.047;14.597;0.000;0.996;-26.749
1079;-1.904;14.740;1.904;0.000;0.996;-35.806;0.020;-2.045;14.955;0.000;0.997;-35.554
1080;-1.951;14.945;1.951;0.000;0.998;-45.817;0.031;-2.165;15.271;0.000;0.998;-49.729
1081;-1.972;13.692;1.972;0.000;0.999;-75.676;-0.026;-1.789;13.414;0.000;0.999;-86.199
1082;-1.866;14.104;1.866;0.000;0.998;-48.430;0.055;-2.244;14.680;0.000;0.999;-74.210
1083;-2.000;14.945;2.000;0.000;1.000;-96.731;-0.004;-1.975;14.908;0.000;1.000;-95.100
1085;-1.943;14.724;1.943;0.000;0.997;-39.033;0.013;-2.031;14.857;0.000;0.997;-37.762
1086;-1.957;15.065;1.957;0.000;0.999;-66.107;0.000;-1.960;15.069;0.000;0.999;-64.110
1087;-1.860;14.578;1.860;0.000;0.996;-35.074;0.039;-2.130;14.990;0.000;0.997;-39.880
1088;-2.001;14.945;2.001;0.000;0.999;-59.109;-0.006;-1.959;14.881;0.000;0.999;-57.432
1089;-2.008;16.921;2.008;0.000;0.999;-88.145;0.002;-2.020;16.939;0.000;0.999;-86.214
1090;-1.903;14.689;1.903;0.000;0.999;-95.100;0.011;-1.982;14.810;0.000;1.000;-96.976
1092;-1.961;14.307;1.961;0.000;0.996;-30.917;0.017;-2.081;14.490;0.000;0.996;-29.992
1093;-1.968;13.871;1.968;0.000;0.996;-29.952;0.013;-2.055;14.005;0.000;0.996;-28.499
1094;-1.927;13.963;1.927;0.000;0.997;-43.470;0.015;-2.028;14.116;0.000;0.997;-42.600
1095;-1.969;14.648;1.969;0.000;0.999;-60.194;0.007;-2.017;14.721;0.000;0.999;-58.625
1096;-1.948;13.300;1.948;0.000;0.999;-77.756;-0.022;-1.798;13.071;0.000;0.999;-84.354
1097;-1.982;15.705;1.982;0.000;0.998;-53.790;0.031;-2.200;16.036;0.000;0.999;-60.024
1098;-1.998;14.680;1.998;0.000;0.996;-28.157;0.011;-2.072;14.794;0.000;0.996;-26.531
1099;-1.929;14.103;1.929;0.000;0.998;-48.400;0.032;-2.154;14.445;0.000;0.998;-53.652
1100;-1.919;14.131;1.919;0.000;0.999;-84.513;0.019;-2.048;14.327;0.000;0.999;-90.192
1101;-1.924;14.148;1.924;0.000;0.999;-64.761;0.003;-1.946;14.182;0.000;0.999;-62.869
1102;-1.809;12.500;1.809;0.000;0.999;-73.142;-0.027;-1.624;12.218;0.000;0.999;-82.896
1103;-1.980;14.362;1.980;0.000;0.996;-32.698;0.011;-2.057;14.479;0.000;0.996;-31.162
1104;-1.987;15.366;1.987;0.000;0.996;-31.104;0.033;-2.214;15.712;0.000;0.997;-33.137
1105;-1.988;14.532;1.988;0.000;0.997;-37.810;-0.002;-1.972;14.509;0.000;0.997;-35.832
1106;-1.949;14.600;1.949;0.000;0.998;-57.323;0.018;-2.074;14.790;0.000;0.998;-58.110
1107;-1.890;14.064;1.890;0.000;0.999;-73.259;0.021;-2.037;14.288;0.000;0.999;-78.148
1108;-1.940;12.701;1.940;0.000;0.997;-43.855;-0.019;-1.811;12.506;0.000;0.998;-43.742
1109;-1.873;14.217;1.873;0.000;0.999;-70.031;-0.014;-1.779;14.074;0.000;0.999;-70.393
1110;-1.959;13.502;1.959;0.000;0.998;-60.225;0.010;-2.027;13.606;0.000;0.999;-59.111
1111;-1.957;14.260;1.957;0.000;1.000;-107.453;-0.008;-1.899;14.172;0.000;1.000;-108.416
1112;-1.911;14.733;1.911;0.000;0.997;-40.083;0.041;-2.194;15.164;0.000;0.998;-47.144
1113;-1.863;14.060;1.863;0.000;0.997;-40.040;0.016;-1.975;14.231;0.000;0.997;-39.289
1114;-1.956;14.887;1.956;0.000;0.999;-77.461;0.002;-1.969;14.907;0.000;0.999;-75.517
1115;-1.931;14.394;1.931;0.000;0.999;-77.368;-0.002;-1.917;14.374;0.000;0.999;-75.424
1116;-1.965;14.602;1.965;0.000;0.996;-29.956;0.018;-2.089;14.791;0.000;0.996;-29.070
1117;-1.963;14.208;1.963;0.000;0.996;-31.857;-0.011;-1.889;14.096;0.000;0.996;-30.274
1118;-1.885;11.701;1.885;0.000;0.991;-6.465;0.072;-2.382;12.458;0.000;0.993;-13.987
1120;-1.880;14.514;1.880;0.000;0.999;-75.979;-0.018;-1.756;14.324;0.000;0.999;-79.233
1121;-1.987;16.083;1.987;0.000;0.998;-45.053;0.037;-2.243;16.473;0.000;0.998;-51.716
